-- MySQL dump 10.13  Distrib 5.6.50, for Linux (x86_64)
--
-- Host: localhost    Database: heroku_cb8e53992ffbeaf
-- ------------------------------------------------------
-- Server version	5.6.50-log

/*!40101 SET @OLD_CHARACTER_SET_CLIENT=@@CHARACTER_SET_CLIENT */;
/*!40101 SET @OLD_CHARACTER_SET_RESULTS=@@CHARACTER_SET_RESULTS */;
/*!40101 SET @OLD_COLLATION_CONNECTION=@@COLLATION_CONNECTION */;
/*!40101 SET NAMES utf8 */;
/*!40103 SET @OLD_TIME_ZONE=@@TIME_ZONE */;
/*!40103 SET TIME_ZONE='+00:00' */;
/*!40014 SET @OLD_UNIQUE_CHECKS=@@UNIQUE_CHECKS, UNIQUE_CHECKS=0 */;
/*!40014 SET @OLD_FOREIGN_KEY_CHECKS=@@FOREIGN_KEY_CHECKS, FOREIGN_KEY_CHECKS=0 */;
/*!40101 SET @OLD_SQL_MODE=@@SQL_MODE, SQL_MODE='NO_AUTO_VALUE_ON_ZERO' */;
/*!40111 SET @OLD_SQL_NOTES=@@SQL_NOTES, SQL_NOTES=0 */;

--
-- Table structure for table `appointment`
--

DROP TABLE IF EXISTS `appointment`;
/*!40101 SET @saved_cs_client     = @@character_set_client */;
/*!40101 SET character_set_client = utf8 */;
CREATE TABLE `appointment` (
  `appointment_id` int(11) NOT NULL AUTO_INCREMENT,
  `app_date` date NOT NULL,
  `app_time` time NOT NULL,
  `doc_id` int(11) NOT NULL,
  `p_id` int(10) NOT NULL,
  `schedule_id` int(11) NOT NULL,
  `status` tinyint(4) NOT NULL,
  PRIMARY KEY (`appointment_id`),
  UNIQUE KEY `appointment_appointment_id_uindex` (`appointment_id`),
  KEY `fkIdx_63` (`doc_id`),
  KEY `fkIdx_67` (`p_id`),
  KEY `schedule_id_idx` (`schedule_id`),
  CONSTRAINT `doc_id` FOREIGN KEY (`doc_id`) REFERENCES `doctor` (`doc_id`),
  CONSTRAINT `p_id1` FOREIGN KEY (`p_id`) REFERENCES `patient` (`p_id`) ON UPDATE CASCADE,
  CONSTRAINT `schedule_id` FOREIGN KEY (`schedule_id`) REFERENCES `schedule` (`schedule_id`)
) ENGINE=InnoDB AUTO_INCREMENT=175 DEFAULT CHARSET=utf8mb4;
/*!40101 SET character_set_client = @saved_cs_client */;

--
-- Dumping data for table `appointment`
--

LOCK TABLES `appointment` WRITE;
/*!40000 ALTER TABLE `appointment` DISABLE KEYS */;
INSERT INTO `appointment` VALUES (84,'2021-03-06','16:00:00',4,4,4,0),(104,'2021-03-06','13:00:00',4,14,44,0),(134,'2021-03-06','16:00:00',4,64,4,0),(144,'2021-03-06','16:00:00',4,64,4,0),(154,'2021-03-06','16:00:00',4,4,4,0),(164,'2021-03-06','17:55:00',14,4,14,0),(174,'2021-03-06','16:00:00',4,4,4,0);
/*!40000 ALTER TABLE `appointment` ENABLE KEYS */;
UNLOCK TABLES;

--
-- Table structure for table `doctor`
--

DROP TABLE IF EXISTS `doctor`;
/*!40101 SET @saved_cs_client     = @@character_set_client */;
/*!40101 SET character_set_client = utf8 */;
CREATE TABLE `doctor` (
  `doc_id` int(11) NOT NULL AUTO_INCREMENT,
  `doc_name` varchar(20) NOT NULL,
  `doc_type` varchar(30) NOT NULL,
  `doc_ph_no` bigint(11) NOT NULL,
  `doc_email` varchar(30) NOT NULL,
  `hospital_id` int(11) NOT NULL,
  PRIMARY KEY (`doc_id`),
  KEY `fkIdx_73` (`hospital_id`),
  CONSTRAINT `hospital_id` FOREIGN KEY (`hospital_id`) REFERENCES `hospital` (`hospital_id`)
) ENGINE=InnoDB AUTO_INCREMENT=165 DEFAULT CHARSET=utf8mb4;
/*!40101 SET character_set_client = @saved_cs_client */;

--
-- Dumping data for table `doctor`
--

LOCK TABLES `doctor` WRITE;
/*!40000 ALTER TABLE `doctor` DISABLE KEYS */;
INSERT INTO `doctor` VALUES (4,'Meet Vaghasia','Cardiologist',9409299016,'meet.bda1729@ict.gnu.ac.in',4),(14,'Dixit Kasodariya','Surgeon',7990688061,'dixit.bda1710@ict.gnu.ac.in',5),(24,'Hiren Koradiya','dentist',9409299015,'hiren.bda1711@ict.gnu.ac.in',6),(34,'Keval Patel','ortho',9409299014,'keval.bda1716@ict.gnu.ac.in',7),(44,'Dhruv Patel','Paediatrician',9765433525,'dhruv.patel@gmail.com',4),(54,'Yash Patel','Psychiatrists',9878786565,'yash.patel@gmail.com',5),(64,'Rahul Patel','Audiologist',7898763483,'rahul.patel@gmail.com',8),(74,'Komal Solanki','Neurologist',7676898765,'komal.solanki@gmail.com',9),(84,'Babu Iyer','ortho',8767654476,'babu.iyer@gmail.com',5),(94,'Palak Shah','Psychiatrists',9847628467,'palak.shah@gmail.com',6),(144,'kush Patel','Dentist',7876765454,'kush.patel@gmail.com',4),(154,'Shreyansh Patel','Surgeon',9924713701,'spatel@gmail.com',13),(164,'xyz','trial',9409299016,'xyz@gmail.com',4);
/*!40000 ALTER TABLE `doctor` ENABLE KEYS */;
UNLOCK TABLES;

--
-- Table structure for table `files`
--

DROP TABLE IF EXISTS `files`;
/*!40101 SET @saved_cs_client     = @@character_set_client */;
/*!40101 SET character_set_client = utf8 */;
CREATE TABLE `files` (
  `id` int(11) NOT NULL AUTO_INCREMENT,
  `p_id` int(11) DEFAULT NULL,
  `file_data` longblob,
  PRIMARY KEY (`id`),
  KEY `p_id_idx` (`p_id`),
  CONSTRAINT `p_id` FOREIGN KEY (`p_id`) REFERENCES `patient` (`p_id`) ON DELETE NO ACTION ON UPDATE NO ACTION
) ENGINE=InnoDB AUTO_INCREMENT=235 DEFAULT CHARSET=utf8;
/*!40101 SET character_set_client = @saved_cs_client */;

--
-- Dumping data for table `files`
--

LOCK TABLES `files` WRITE;
/*!40000 ALTER TABLE `files` DISABLE KEYS */;
INSERT INTO `files` VALUES (194,4,'%PDF-1.4\n1 0 obj\n<<\n/Title (\0I\0n\0v\0o\0i\0c\0e)\n/Creator (\0w\0k\0h\0t\0m\0l\0t\0o\0p\0d\0f\0 \00\0.\01\02\0.\02\0.\01)\n/Producer (\0Q\0t\0 \04\0.\08\0.\06)\n/CreationDate (D:20210314091820Z)\n>>\nendobj\n3 0 obj\n<<\n/Type /ExtGState\n/SA true\n/SM 0.02\n/ca 1.0\n/CA 1.0\n/AIS false\n/SMask /None>>\nendobj\n4 0 obj\n[/Pattern /DeviceRGB]\nendobj\n8 0 obj\n<<\n/Type /XObject\n/Subtype /Image\n/Width 774\n/Height 416\n/BitsPerComponent 8\n/ColorSpace /DeviceGray\n/Length 9 0 R\n/Filter /FlateDecode\n>>\nstream\nxw`.2\ne.e S	Eʔ) (d\n\nd.Ptӑwe˵{} \0\0\0\0\0\0\0\0\0\0\0\0\0\0\0\0\0\0\0\0\0\0\0\0\0\0\0\0\0\0\0\0\0\0\0\0\0\0\0\0\0\0\0\0\0\0\0\0\0\0\0\0\0\0\0\0\0\0\0\0\0\0\0\0\0\0\0\0\0\0\0\0\0\0\0\0\0\0\0\0\0\0\0\0\0\0\0\0\0\0\0\0\0\0\0\0\0\0\0\0\0\0\0\0\0\0\0\0\0\0\0\0\0\0\0\0\0\0\0\0\0\0\0\0\0\0\0\0\0\0\0\0YPrK\0\0ar\0r~\\;e\0}\n!D[\06OCFa%\0y8\"4\0 wx6xzr\0)VNӫ,\0@u.6hi@k E\0BC\0dwe\0\0\"\0\0|M`DiE\0\0YQ>vkB4X.a\0@%\"H_\0/:#HBr	\0ǂX5!F%\0 +C-\0\0\0\0\0y\0ue<\0d\'-\0B*\0ʤvBӍ#{l\"\0\nZ&}WnIL\nNրR\\\Z]|!D@\0QOMCzRWn\'-De!#c~FI nJ!I}4=۰.L\0	eS%@hr\"IYE\0&b\n`&{-&֕[@ZVD5[61Ki.	}`E	EnDٟZn\0yȊ\\LnDL#(yr&ߨ&\"d\ZP6JnlrpE@4ցJ+%ב&!\0{M#%r\'`r_4Ma\0e9}jAs\r,cIk	YOa\0%ig7,QĚsZͽ/J\"\r@Q:3Pl/iӣnCAVi^O!6%P/TR(a@wvB5nJNONxuq#n=>hx=\neګ6v02r:|߽E>5MLmҖ[(KQgRߪ$.\"[۔ց\r[ROiy>~RWq*7q|F`-,G]|Fr(T\"\Z0*oIUrKt*q#j{nAFMH-@v0ɨZ=]V|j.ex[nlG\n L\"<_SL6s_xh2SbJqۦ[$%\'Σ4P*We?LzK.QD}4M;Fr4*ѥގhNxDM3m^InlOF)xyh=YJ务jűg%~b9*e^\0̼ܟRIX,gӿ^?>9yΝw3U2*nY{L)pӓBrǧr]|7o]Z*k)nfk\Zq`~!%+U^F>sMdj5A^jmTBIB({]/<why\\Nek^Ē7[ߤ#6K?i׮*Դ\\8[WJ=[Iy} ɋGYKM+~H\'hڌ|ŢP뾩EA~?tYni\n㑗jz&mO6J\\I/ƜY|wUbc{e>QyKTrOʚm)|5sSeEw2A\'cNZ`3K-d\"S\\Vild`kIGCBk7_<Œ\'(#w޺<o;,v^0Eo]n^oI\'Jb$@H<U˳D=fkv]!`TFZy3=sx+iٚ?s#(.TeH;7e!TA>vL\Z@223A0|aPum<@T0L{TR(AdRkC`+]\'D,g%_d(O>&E*zUlU&3<_jW--3W\'\r\nܨvq|9<>Tf3H$P}v0p/W%V<Aٌ%Wc23ƀ{,(濋Yo\'ʳ7^f_\"moe>;b(7ZVał)G/.P:%e׶:?85;y<\'7icԷ*SPЕh R0yqMTf޼-2\r#rr\'\'\nyA#:{&\r*ںyNe!.#?̘q򿔷cN)%e>޻|ދw;ux9z-PކrVr!CXɡܓ#LrzꦙIu)϶ww$kAmv=\\(吂FOYrdq\'ϾKQF\\luh4޾*6{c	td_&Op)3-PA`\n	t[3=lCM0J;qɳןZu@(Ѥ+D~i` M;fQI50=ipYZk2zGtSX-`밙Q+\'msEA]ΰBHGʊ25a_`4sԁ+:_]\0»6HNaHckV4:H7v\n\r0pmm)Hp9;4D3Si!si]	k9d+`G<ٿꖑ&@/k$s%L(xYqxHxt{1gL6s+u^U%r;)/X[	äStc߱`N/UOl@y6SPuYv1k82^ypsNsgJS^vFnqG\ZoMe$\"dR.||Nd76/+l~]Nk;[J2ywW^}_1{t@yE	g7z&\"c>4hU}!|5Bz	wߥ6اYe\\NӀ	=ۡc➠۠AqUpjGTwyqCx^˞q%+Kz[zz-P^Ic벻##`ՙQv\0Cj ]yWGk?똇p!Ď l޵ypeDsZJyJbFڼDO*X9ߝ)$߮=Lsfy5cO:xy.Q?f2anAL٬!U(J:ڠ>pѱ#<q^¢6C͇ɘ}¢>^((W\\L=U7AzqUh8܌*SI2LcImSZ@U5IoP{$\'c1tl{jx2ȪCj*Yw\0zf\"\n\"*ϴ^|}@x&#vstdPEzʃ#ߝ.I׳o:KB_2+yceX5/c~PVҩą\\+ELd33\rDʺܑqwz	oA)5EWuli6.@*W\'9ҏnƴο9YݻbH)7zl^A49WuTj;\rV<	;ʷt;:R8~%?)W\r1q#ps_Gq>DkÓe\'Vaݐ1L>d-v;ON=zɬv^	xwp*R^aV޳!V7coGHfZzR!A\rpJU^Ad\Z\"mZN*#ƛͬ7ָ \\\'\']ܳqv~\rY,8:N*a$ʕ?VZ0Du؍9ak7^6RhRP-,)rH_ȥCjNx[N7<48=ǽ\'ld;hwVbJ%FnRZ:w-WqrX@.cn.p+fN`|!N[Ȩ#Ck;ɍEkh_Q3R۹EUL0Jprh𔹓0㖭{H-B{\'am`@|^n@\n<b6\"b0$Y/NoDO/%\'	eт%bCCd&)CmG=D@=vhA$}74,Pz\'ۉNpJ|\09m%]pNX[;p}.צtD<yaaK_ K6k+kŌ5\'Gl\r;\']J!ls?w\'+S-ʵDˇ~/,NF?֟鯭hRDN^^/9%x9	\'U\\awoYٳEUml]]d9zD\"y-i^؏xVyXݙѬqE=Xy3O)sh詃>%j	jTWܫOaA[	>GP!gQ?\rtGT㬻Έ2Lǉ5\'Yvhfiy\\YAye̐B~RuExlb\ZӮ\\ܯձ@jBы~+e|t2ӌy;^oN	9P_p%jz,xr}ϭ\'/W<T_lE&<Ƃ8%ȀRɎfa>dv8kBĉ4l\nL.;GqYӲqHh%{0!,zOHFޣOOy,@W~]>BUr:	\\ZiiZzZD>UMmB\'wGZNSF2Ȗ)6p܍.{nɓ4ۯ	aڜ0s۸EnC8Y҂O9HW\\<L\05wcr=͏5L|֩jiwEt6Oj\'Vؠi].ڶlڸN93f 3&=Ύ!W9\n<zػ#o{.U{PpNZ÷zH>3Þ)oZfJ5#\r/q;|%82bq̈=hػh3\"T\'<;.Fxg33o6\n>d>}9D˝ֱ)Z3xiڽb\Z,XMGYVzxn{*3:*\rA͖\ZW~cx{)\'DSC!ܬ!i \Z\\>~փMPM-4]Vd7=\nE#Wvaw\nP[HBtF(5=	MFhFF(j+}5)F1;~uZW_Jl?_6k(Fr;l5t\nB\\xӑd\0]:aW%͉s܋\ZC@SM,	\"#/v x5\Z	x!oQ3ޯlJHqjgɅٞ7OS5Wd2z 1QpnIhb W!]cގՂ%RK(MF\\ϵXrA>cS\nê@{s<緝JyƲ7)ޮas	0詄}? \\N^Rg%ᕬo7(6<{._\r(oݽ}[g7}!woѶws:zxP\r5.\n;9vWHbLROՠ(PEgd:ψuM&+{i?<9-b,Ye2f[**{3zpwJ<Xߕ+s}.s?9gBhQI`̈W&0o6*a\\G}#D/kH`(HܿYR-?G#jrcIRy\nG5V+Jn\ZѶ LP^\"{`>pE)BIVr{*~ӧe33f8Ib=IcS=+I]E7Zp*,C6ݗF?7i)du\n]%:\'#v9{;p6ѐA4UfRC2\\{x~Yk2Zm\r.3JqM8Զhb]eu0O5Ihlc!KTbs$׈,e]6\"]t^~p:bSGhTB\rr61q´[@T`+ T%u$5Qm.(^`fȔ\n8Cs2ՖH-*XP=\0Hַ]P<Mujv~\']MCǯh6)%f\'u>0\":D-!5d0ohb4aO	h˨[϶Ed|h׾+l1?%|T\r+N;S Oa ߊ]Ʋ\rsU䯥 sɫ7؅R	=tB8OY?ZKK+D˜A	f\rsZ]\'SZm76j쏆rܿ0>7$A}f{^;k4)P4{2}\0wG/tr<ǼQ1_$\"_DA68#DÌB^~/Ť%5*S̭iO|-+{+(bͿ5$Q9Kn7XS6ۮ(^vFA\0JVd]ʵp3qIb^l·Vdx3{ِK=u\'d!v󙧭dH+`%Ds6iN}2*ywK\'x-\'~١IRɎ\'jq>_Ey8W9-@O\r0_AHN!+U9AU&\"ܖ\rUHݘ=gǆ߇pze+lAtAÈj8ç-d,ZqmX\nZv&\0Am-,)[őc̸E\nuO$q^DΞT.;:C9Y\'NЛMbDt3@*ht5w1yiG~qԓ\\xbr˹RBٮ%V|HZ-({μҠAU&BI;}ei_(im_)ٯ:ţ\Zγ*J{ @iYa6lW:6w9ὓkμ¨FCFin%.Lh`~{~Un\nTb>%>eoO\r\"#s!B*>d[%ҙ3\"-\\ۻ2u}&Ί,@elrP1rXp29޵9j9,Ask\"$rRO/}5J(1\rf:]o\Z(xէtX_r*_g2{k4يӂf:\"t@hśJ=,u%N9̢ZMjc*c(/W?eCʴ֬	si(%O1Z%K\rEN^S?ٛds<t[<E/b\n5듿[/繞9g_?RdDܢ	ChmiA\"TL6m{	.v:֡\\αR5 ӟNTQA.Ax+|V;_ɖ\rf:~)aV}\'.9YIԔ\0*eXνvI漱G/:\nx\"e:%cހiaϬ.B\\Yɶ,Qo+m{W=~UB!Msq`wͬWv\n~/Tq2{xCZO@rzgza0#%_z^!t\nͶH5k=Ս7S\"\0\n3[q5|;=d͚rZNB6g\'P\n7B5qi	t[j2L5o˖/c)x3{Y3.W>\r[j%ꭴ+ŚTR>/k$7 c`_>\\Dr$IZL}{=o,:irW^@RtI^ҼP Ϥ 2ߣsHjgGtxT8a5s6~UM7qUr5;cXonIj ::ɒ[}sE2nv]L>_Zy0եJQ(<-TRZf\"g!>߾}]ᙒ3G٠GU<Tgސ-ް1Uvc\0%>Ok9Of5GB3;0j})@CV[,T7ý\'=B<IԥDb/qC9N![xF!깅M3qk{ʍbbX\0?w6uШأb.%\r\"|#m?8=T(Je+c sM`߷2\Zc9Fŭ{.6L27iy~UFڌ[@x;Ft}+8@=|OB88~N\',p-ܱ0V3S-7GݳՀv>oڃ8\'\"0GIA~ōَ/`zڕyP,\\M\nm{V\'&P!.[s߸tIUbfEoDleN/NIȀ&E~T}/xUudN	Yuh|dOj-\'7[s{Zr)$qYm)jv3hY7=_[NϿö\\k>}+\Zo| RsrJa/-EKܧ[\\?c:m;thS+l8	|bU*0^DM&.AΜ˞Z${vnXR*u+pfl#k<Q\r[אIvʲ s!z USt;k20jrqrԻ\\ɕΈm}8GWrM駷5\"*GO^	9qZLF(S66;E	c΁t#jg/c;o\\=75hU(vṁNl_{1iy`՘O]v6`$*1{ɵ	+c)m`&B#.;Z_S\n5Ȣ]^gZ3usot(|.|(VҊS]pCZ4)&ފJYPⴓn\'\r:f	ߜ}U3p/nX\">i5ƈFV\">trS4a9QP|^91ܩ?M>.t7$pƜ[lVg>c^/C/!3+-XH=o0{K:HcVkAS|yekJTyVj=g1fL5(Iix?쏜T#}7a{CW!7>eͰ8~q\r&\nXiKn\'%G?y\Zrc-yV1I+#K3=7\n虂S7\'=g(pVX,SpWM;C!;\"N(\nX<NWt\n\"煦Z+S&^нKEdJKO4ޚ,-er\Z6kѢE\rj\ZU0Xd\">sjV\\hW\'(|ǞXivN(sXa]lFQ]b%o12E\rv?)p2۶$$3N=x,5L?*7_Coy?ڵ½riYͲ\'tŏ{j|j#᦭wd܊wdAA~!=DU;vf;\Z;:FK.Bl|Ζ~QՔ._K:{Wyf|16W7:m~ԛnq-%i6i0n9h76(N&mu3J:&m鳤h@Gr㦣x͒ҁB5ͮH3Q2|7[\'&Y<rE.x3iX|WrhT\Zt\0=QbjÉ} L«p3S9,lOuTt0cз\r2?N|EK9%F\\ٔA/uwznػD(q5-vƽZ?R~Q=gBN&oN\"~	/B[*Bz(pJy]DPܚ@7ҝ$e#9%86lQ)Bo?rp@ؑ:ga_ӫ߼0`NEUcKi%m#ٰ.X$=.8B:;#&@=?ȎR*@?)\ZNbgMW\"<駒Aӥŧf\"n6ۃ-}2	;D-͞c ` fԖZȲQ>~_Ķ	\\@\n7!kO$J6`-:{\\}UǼy4NWB}	ZIbMY5wg|Eԃd\"vlw&3vGt~HCen0A3bhIw@( oJ`Ÿq4%n,7ua\r~q EP{KeڞpI\ZKHتqx0 [_ոULN\n%I;d3rqQ;Kj8~ٟJ\"\\C\'Ђ+z-k@~xwM=eLτ8c\'|½x+ՠ~{Ƃˇyj/;j1б7l\\VAIӂpjD@Rt)ǴknJ`>4{LԼ=al52%8CQRIi]OEVjAM*bEl)Ft\"PX	Ydezct|9\Z6դJ[ }; ^t_pUcrK\"Uw[e1 $6qn%+c?odEL{?[<g\0	(GS8\\z-+xvR<\n<\\moGv9	&H$6{>, ǽ^	`eZ0Zʝ`+ 5-+Dmr\Z5*㺠m}>zA	1٭=J|<=b?Shr0R?T1Rqw򇡀67#\\q%3y3^vXj o@ңFsrXAkK> DJG\\0D1ޕ_\'Zo9\Zh狍Bf=FŮ0~uA^ֿ	Fq=\"3Ga=96K;ÑFl6K-u@n\"Iɶ$Vl/n4(\\h*_oJpsSRh m.C18_˺\"*ҧ8Sn[/,Oҟ^Ow[A	b򳫂;3CP\0]a4^oԅ5n	=^g\"3rO60Cq?TaM!lEf/s03R{|kcb4c\'V[`I{ݎ>-6*5t&Ch3{<cTΞ卸:\\;}	F\nF!J;)w3J(%*-$7Px\"ԹNʏ{.x7\rvEf}%WL!;faeTw\\ci][_X4Aq)3]޳aaT~xy@AVi=pdD]Ph*pU5:twZT2wf\Z?Xu\ZD̗FAq\\\0~!^ca< h4$p=TF9h\\.v2&zd ]n$\n{V^%C.~FZ]\0rGu&ȓ=SDFdԋy%UfK.Bjncpu㻼U$0   PJ\r{6]{@ -0*e\\g}6[\n@Wt(G2ZHBtӝR(\\}_:@- *+`DNz8]RHn1\0Dɶ׷[:E2^ni-`}j\0o,إIqqRCn)\0[a`O{`SPK\'5y		-)pK15>Ћ9D:\r\0Dz>tZn)\0@N>UP (H!\0ETFhB(U:oGgA\r0{3t)B7\0!tJvv)xsa`\r	v?CǰѢx\nE(.\Z9 @֧6\0RB6!A[h}Yv Rni\0&(_f+_T(pq*8PP<[\n@\Z`3GyPhAOa^$-C!En)h)ȥ.8=WeRy\0\'rK8BT[-\ZC@$%4!$e\Z\\+k\0H!	{20V5TR!Gk(3^uTy r;N`@,*̈́A\\*a<,h(o/	\rߍbt)RPsUP\0\0\0\0\0\0\0\0\0\0\0\0\0\0\0\0\0\0\0\0\0\0\0\0\0\0\0\0\0\0\0\0\0\0\0\0\0\0\0\0\0\0\0\0\0\0\0\0\0\0\0\0\0\0\0\0\0\0\0\0\0\0\0\0\0\0\0\0\0\0\0\0\0\0\0\0\0\0\0\0\0\0\0\0\0\0\0\0\0\0\0\0\0\0\0\0\0\0\0\0\0\0\0\0\0\0\0\0\0\0\0\0\0\0\0\0\0\0\0\0\0\0\0\0\0\0\0\0\0\0\0\0\0\0\0\0\0\0\0\0\0\0\0\0\0\0\0\0\0\0\0\0\0\0\0\0\0\0\0\0\0\0\0\0\0\0\0\0\0\0\0\0\0\0\0\0\0\0\0\0\0\0\0\0\0\0\0\0\0\0\0\0\0\0\0\0\0\0\0\0\0\0\0\0\0\0\0\0\0\0\0\0\0?pgz\nendstream\nendobj\n9 0 obj\n13631\nendobj\n10 0 obj\n<<\n/Type /XObject\n/Subtype /Image\n/Width 774\n/Height 416\n/BitsPerComponent 8\n/ColorSpace /DeviceRGB\n/SMask 8 0 R\n/Length 11 0 R\n/Filter /DCTDecode\n>>\nstream\n\0JFIF\0\0K\0K\0\0\0C\0		\n\n\r\n\n	\r\0C\0\"\0\0\0\0\0\0\0\0\0\0\0\0	\n\0\0\0\0}\0!1AQa\"q2#BR$3br	\n\Z%&\'()*456789:CDEFGHIJSTUVWXYZcdefghijstuvwxyz\0\0\0\0\0\0\0\0	\n\0\0\0w\0!1AQaq\"2B	#3Rbr\n$4%\Z&\'()*56789:CDEFGHIJSTUVWXYZcdefghijstuvwxyz\0\0\0?\0袊\0(\0(\0(\0(\0(\0(\0(\0(\0(\0(\0(\0(\0(\0(\0(\0(\0(\0(\0(\0(\0(\0(\0(\0(\0(\0(\0(\0(\0(\0(\0(\0(\0(\0(\0(\0(\0(\0(\0(\0(\0(\0(\0(\0(\0(\0(\0(\0(\0(\0(\0(\0(\0(\0(\0(\0(\0(\0(\0(\0(\0(\0(\0(\0(\0(\0(\0(\0(\0(\0(\0(\0(\0(\0(\0(\0(\0(\0(\0(\0(\0(\0(\0(\0(\0(\0(\0(\0(\0(\0(\0(\0(\0(\0(\0(\0(\0(\0(\0(\0(\0(\0(\0(\0(\0(\0(\0(\0(\0(\0(\0(\0(\0(\0(\0(\0(\0(\0(\0(\0(\0(\0(\0(\0(\0(\0(\0(\0(\0(\0(\0(\0(\0(\0(\0(\0(\0(\0(\0(\0(\0(\0(\0(\0(\0(\0(\0(\0(\0(\0(\0(\0(\0(\0(\0(\0(\0(\0(\0(\0(\0(\0(\0(\0(\0(\0(\0(\0(\0(\0(\0(\0(\0(\0(\0(\0(\0(\0(\0(\0(\0(\0(\0(\0(\0(\0(xS|pDGڼs\0NzkV6:}&47m4_e!vU \0.Il`YgJQ|v&xgWѯ<?giscw\\DH\0\0GƫW(+40)\0QE\0QE\0QE\0QE\0QE\0QE\0QE\0QE\0QE\0QE\0QE\0QE\0QE\0QE\0QE\0QE\0QE\0QE\0QE\0QE\0QE\0QE\0QE\0QE\0QE\0QE\0QE\0QE\0QE\0QE\0QE\0QE\0QE\0QE\0QE\0QE\0QE\0QE\0QE\0QE\0QE\0QE\0QE\0QE\0QE\0QEue|\r)D xCF\\1:b14J<Jewk%=o|X:ΤwۗFZ@8r@R$|aEx!\rsUҭ6oU?w1Pq&/:n\"R.VlˏzHv*Jl\0Ie*\Z_j}Dkng̹Wپ4xU$cH\nKcMq|L]nJm=iojʖ;قf I;y&}WS:|;t-lQEq(\0(\0(\0(\0(\0(\0(\0(\0(\0(\0(\0(\0(\0(\0(\0(\0(\0(\0(\0(\0(\0(\0(\0(\0(\0(\0(\0(\0(\0(\0(\0(\0(\0(隽Α-撚3&/du݆ݜ2qfl&W-~&Z\r>:NNho&Y&WR!bRhm+	RpC\'\0fKVq^l7MeuJ;	rAUC#oOUWkp>C\ZEFh\rJxlNBoTO{Zu޽1|SFcudFAj\nګL/ش#GmY6\nl\'\nEK*))rgEQ^ (((((((([)&gjYbp$_oxsvbH0/\r[nf#w<XYΌ-k݄޶<})\0[KCpd4H8f\'iB8$\Z^3/kӽ3-a$PepGVM\Z[PY(%]nҷR*ߗvgEWhQE\0QE\0QE\0QE\0QE\0QE\0QE\0QE\0QE\0QE\0QE\0QW=\0jiֲ@\nW$e3\'h(^	.\"\0\\v,f/$:W[F{Ki~V4wW5癑`cI?Uv?9.T7[zޣ*I4q(*JDVS<f7_5]2<Z>P׵m>呝Fg2=k_W5{|OI, \0pKucxRkFK?;k漉MO$F\r$PyN8\0w\0dO^5M{_<R(lr&#\\Ǻ0dO-NЬ\Zm-!vi{<>]2q\07\'j.[^|ع\'i?z(\\AEPEPEPEPEPEPEPEPEPEPEPEPEPEPEPEPEPEO>ԌV0ܜFln9 8kJTVj5v|<7exZ\\bmmjʠ2!rq3/!\\x{SՔ\"[®	A\'$\\+Dȶbi퉧gmĳ0x\0`Vg_[M2T2U!.X\0\0s_!l&M{Drv}zmHzw6W\\մ鰙fKmI$\0\0\"vik0tXJq\0LV[,rTA*W5X\'Bez^AZY&Nrpvn¨<~m#+Ut25)>vW-ڝ73Kqqp,WcO$I$/mvjQE \n(\n(\n(\n(\n(\n(\n(\n(=i\0g)jctʭ9|#d?wևA_3RKkc%eU|~6rGKH哿b~$#\0@7eS$ncRX$ʠ(~˸C4,Dmc)Mzf3M5:[TCnE\\[2&!e<Ί_2Jp(\"((((((((((|==GSv>Ͼ	|1UVH8?\'gW_laepF:g6.W:FnHjyeĮ9gh\"!\nB\"(~Z3xWL}PQ#y+2{K@0-#|_y,`p	嘓X\Zo/x2;O\\ċ-,w68ywvXIFy\n|7~о6x[uv;a4D\nrKaTr9\n0Y]5)_6Ki4//_,ּ=Asxa\\iԭo(QW&,r3ESX7/3{\n?|HnI(m-Z6QI$Bϓ@h_9trFJ:[oJJW㇋?h\rw:޻nI6KhTE\Z\0vڊgvbyJ(INNswomSc獮\Z\0BVPԭR$2,*\0+K¿Q,n\ZY+Z$ ]Xh3ҿ;\0x\"\0ᗃm-֟C6;Ihe\'H _};שN\r>.ō^KX#!lrʣG\nAr5cXծ5ZO:gi6Ř`zqUaVSVm7\n(QE\0QE\0QE\0QE\0QE\0QE\0QE\0QE\0QE\0QE\0QE\0QE\0QE\0V=[:d׶\Zy$H{rP3c9(7(Q¾s\\XEhvt\\~`W\ZF/ n\0!skO^ռc;GחF\"bBn,@\ZE/x߅\0EķA^Qثu=Etz,O4\0|]#V9;T.Op={~6\"i//vT<ރ6N-\"8Qws\\(fܯ`r9ʀӌsv6}\"Wxn<IHN[,:Xׂ#[ϣXl5%o5[ \0j0Ɨ`04ׂFm6ˢ/9#˫\03\r3\ZbjS!m>N~\0Bד^\"-XZyH- (!ba݌`*9#W\06e\r-9ܫ	;F\n8mF[dw2I,YbrX$IdZ~\Zm/Zd|#.6zгèYʓE9\nːpA5<P<xӷ̷tۋsg`:^B\"o\rikGeOkZK\ZIm*\Z(>ih#n\0󞂿_q/c+Pf]uｵ%5s(	\n(\n(\n(\n(\n(\n(\n(\n(\n(\n(mE;f\0vFH]nPpx8&PuBwKvck4}|y0G3޾W67Gj\\jW2]JYر\n	\'<d6K_vE\'ē38`k\Zbe9rm\0rTQZ^liVz4az8$1YۦN[/(QE\0QE\0QE\0QE\0QE\0QE\0QE\0QE\0QE\0TsR1$nI@9*v=>WC\rZoΉ[_W˒R8ELF\0I5)-kvo~IDl\\O%V퉫i\rx&O\"Y\\Xt|3q*\0X1pY>\Z-\r4,\ZL,lmiqB/67\'u+g[ut[-tF<Ii\Z,\"m9gy}Xj2QFI]%wh䠢(\0(\0^2<;<ז~_f֖Mo4At듀z>=H\"SDK0iA)1Sk{^\rc\"|)פnO^7ňU:.<1M\"m2\\(i&F4VGRo\'RW*~`rpI\'\0[d\'*^}7ih+W}EQ@Q@Q@Q@Q@Q@Q@Q@Q@Q@Q@ཎkgs)QDZZ[I`p\rΎ6\rfɥpt#YO:}rI^}Y̐<fR+bDXV\0I\'Ԛo4~1Oj-%oOU\"w)Dk8Q9|ц\\drI>o:ߋ4G>7mk#ؗ.go[euV]Fݒ N70Gfp	㡯_j+X5=?QѣMpD#uN8~$|T4R\'b@ԣ^4{؎.iV9G7~ݷڼN/UJ6ܰΉ#]Z</yr,nE,q>\\,)MrrA#c\'4m\'xCW4ODdE6|:r0:_\Z9\",س1*>q\0-YrcO\'$\nXQ+W_OĴ> [|9$v>+<5qhE}uRy\n&o~zGk/	j1uyr61+rpzdF]ku{sqyu.7<I\09\'\07U%w|5{_\r*M)l2e=8y-cĚ|$\'i|qʩQ_=b+\0\Zm%QEr(\0oyTQ\"l	\0x\"\\YV4y`y̱`5b8)Mcrz5{h\n38)ڱ.U\0\0=\0^k<\'GN{)\\I#3@1RxX>#]R+\\RǖEaEPEPEPEPEPEPEPEPEP^xoO/Ŷ&Z[oP=3#akë.`ĺ[gw޸dz}c9Jտ6LKUUm.^/.&/,7|)$d|^\\L<nF4ӛ˩aBd$8mrWҿ﨡b.&\'Xɴ;y$^Ec\"\'\0}VEIm\ZƭU+M#N!Heハ:0/(SͪV饷8˛P+(\0(\0(\0(\0(\0(\0(\0(\0(\0z/u-B汝.#W20`8ETpthU2m?R	*yt!t#=U8$s\\?kAd>#E!/m-R~Hx`Y1K =H=OL_-u=6ZYb4|FI*95P<*/gxcEGmEWdd.d!Rd,dbauե\'{_u~DGm;zy/EW%Q@}=\Z	~0	-X\\>R5/bd_c*&X+yd ~>8\"O6R:Y墟7		\nVI94;^㬟E׵U<aLD[q\"UxH.\0+8C%Sk\ZQr^Vٶw_}F{+Bmw6a&bZnxo-\08T5?x[=1(\0T\03$˯γ/V:EioQE(\0(\0(\0(\0(\0(\0(\0(\0(\0(\0(\0(\0(\0(\0(\0(\0(\0(\0ĚF|:ӭda3<I~1x{:Rs\Z(\nyP͹p~n@9h&,&U4`XtrZpx: _}y.xjymX8-$otW݌)G0+M((((s뚭~m)݈U<:[ZIozBUbGLa9c)k$ݛv>\\nfw+U&pIH:f21u+f5le~mqpv_n>\'\'>}a4hd#iV%$FHc\'`urJ|e$7sh?\'YwZ`,\"7Vn7m,dgֳ+ɯBU%j|IQY\0QE\0W\0\'i\0	mDdrjגĈJj $:$c9Rz޾KF6\\Ylͻ>T+Aר 5Or51QI=[ԙ	d:e(\0d$/О7c|8T<ohLL<7cPY«dg5/ŝIu&Ln\\z4zc5mjXs\nؑF00İe*Y{,K\\\'\'mꚵ֗ɜRK\rq<[mHmƑm`t+k |LկMF.mUG\"%U6IyZ<Ξ?:bE)Ew+ +\r((((((((((1s5Q]4gl$aag#M6#I	Xو	 F$)~\Z⿉P>]ZhFQ-ٰs4VF9;W㧄.u?0,)X	Rr}4?\Z?gG\0Z_n{e7rHIk5?uѣȽs[V̚Uֺ5gk_?zEEW};_h\r$tEqkݘa e`VR$w4;WbJ%|O͓t+Đ~Fcl$I$RY6u?\'kW_?}7OuX6Ƃ8Fp\0z*>&gR+VoWA[c(|g<}ZXY;᷅ElmOv,s$C$v,I$,|U;OAcbJZW9\n$8U>&Q{qDnjrJ\Z(8U3\\tOF9~J0s4Keg:KQEAEPEPEPEPEPEPEPEPEPEPEPEPEPEPEPEPEPEP^6hZ|*]^	A--&(e1r	꿲&m|CR訊=8IȺ\0p!<\ZZ~_si\0jO:6\ZH<,{]AomE|\0_a~\\4٢Qd,ĶH$v[~ow{;nvV[QE~h0(\0(\0(\0(WKBҵ>ؑe+IM۰N+UoQxﭵ-&gI?r̎dv}k_:\0e-4k_Jҷ7	li:99YغUN1r6[_B&f|dn\n|.@bD3A#Mφ5vխI}wiF0px8J+|Xmtwkhr{g_t??ﴽk!G%)Un.Wq\0A?/xm;⦥i;*[io\ZY\0kпeQlB[5V\'k*A;yEga&\0> \0XepBcEPU3_\08pK$7dIZIvmv _XǢ+`(\0\'4~\Z$:zNovM\"Ʋ+F cs#M|_h|t?$$)j̓\"|²mMmLf/	J}<;Ŵ񶧩MjWwqu+M+*HU\0O@\0_hig:i<*%̪{FrQd60@W6w7\'zKbpvAUS\n\0#c8#Y_HYG%Ԭ%ͷt!#V$9M9aV>kmS{/M3i?y$xQ_ jQE\0QE\0QE\0QE\0QE\0QE\0QE\0QE\0QE\0QE\0gFg{KT.ofH!LsQZ/ik6ū9Ϡ\rogZͥVKL6-]^ȋexwT*sbHPe3/]y9ۃ?~~-\0#gP\\]뺫}\Z\ZDrhԬy:|\\ڷ#ßڞ\"sPfTU]T[)tg$>[;;~#^I.\'n\0G#?j|3$6z%\09(\nF9ڍ\"Ώ2zoؗJ-N/<=a{0G׮d$#clZOl&pl|Mu_j6}l	$UavN\\V1Z_w-[\"ǿ:U{ysxS\"arEWh\n@(Pgd>Eɽ!v\'\0fx3O>074,E{5-\rcp SLɵGK5QD+V+i\0gv*Ty$ʹwaR8}&K\0wG}[DyO>!m&bE.	c `֍ixVΣl33_KGό<}⵳UH`q<\n_\0:<}&m2WzpuU$VW4\02R\">96!8\0_\0uhW~.,/{kW$m0AA Mz^O	<;s\\կ/`d*K	i|\0dg[9\\Q_CY)mKgzyeIxuYB(\08$\Zë$༈n.IFxn[l!/)F]Wa&rQExQ@Q@Q@Q@Q@Q@Q@Q@Q@Q@Q@Q@Q@Q@Q@Q@z쳤\' 5EXJpRd~:8H[`J 3g\'[>m%2]{&Һ:ڒ׀R\'frN\Zs^+^e]ZxAҤ;m,q[G v^Dh?>r?+Fbe_tb≦Q_\ZXQE\0QE\0QE\0QE\0WӞZkVzFiTqԇ\nw܌q_1רΞ+o&56	6(qKc$2ĠF>`q,.g\n;u=zL\'G}YRpdH?\\ 21>/sw:×;x< k8<uJ\Zw=C׉H-Nt8/4}mc(H=}<.o,渞[{0B\0c䜜u5sc1\ntB6[z^J[lQEp\0QE\0Wվ3?xo.5ɀ-`6܋\r|^/O:$zv5>|hA+S0t]h8޷Vˈr?HKn+[IZ)gTy&gF\0z8r_SĉZķVIo$aDc\0@?ͣkaobMwcڦ(^Z\0۠1OP\0ZS)9s%k-9?%b(p(\0R?gvRz~\"nl1g 9>[_@ki{/G!mgZ=JkVP\"w!ÅeKK|P_20zdm˭o	u?r1^RL`P9f\nilvJ?cla4Iera2cgCm5kVrI:ʳG̜(3z+xj\n1r:$n|Zh쯪z=uk9Z(0(\0(\0(\0(\0(\0(\0EV:Gzޥy?v<0qU>?NC`|\nud9Gn]	KJ1ߙ~`};|!mCU7?!*hO.[{W%<ri`?iMGPڤzmtu.Wo\rRʰػ3#D\Z2zZ7SI=˶<%\0Ju_j)o>c[MDXe%{&OMcp1h:l.PjIkK]ںxO/-uMP_I[+$ܬq4\nN\0&߇>/<[\\h. .弊K&[PsP>Yc\'ϛźmM֟7POosprch\rQpFϼGʎ#nM]{T5Y\0WkF}>еڦxX΍*%	k+{YfJhЯpΫ=q_ࣿ>:^~[]k\0躥Vp9wA*+Ny$nI?$\ZE;\'N%)GG^$7\'/rVe?6o{9?n_Bc?6(|W~TmKoۇ⟀//-U&>l-uMǴ2N<1|m?V#k?\0^>	[KKJ5naDDB4[wULadZg\n[Z}vgxug@RUёk{?oB-Bayƶ!v!d]KBɸm}umZmmko%ckYz3xEI7*F\0,ewC5\rxKׅ.tXmMΝjrYr2I	Ct\'Q\0u׋RuacPT~w\0>PШ⼦:TiTirmyjVT_C+₊(((((((((((((((K?|Ysa_kCq-¥19N6`C/\"<>5+{!^,i  =k8/.̢= kfVT/f><rL֍cW!gӍŻ^_^NjXF	>|RR3zy\nIQ^AEPEPEPEP[w/OXkpteE!*$GFGC888=\r\nR5;J-45fмMo}rQ:Ŀ:EܪC8CD?0~^Tdfo!JӚ]vw$ڬUWa)O@~]|LxK4{b@Cev:~Ӵ{sjvyT\"I$٭ot\\֊ɫls24>+7$|pjCJ2y=T1zW`ʷ0PĎP1#Lj&Uѵd@Tݥ,|qqC1oNCsu<*z޽G&^/kYk\Z+s_¾>լ!A7m>B4|䟸ן^k a燭:>(ve\'p+\0\n|gtDPZFmU\0,|_Z[\\H\\E	;Tr~ӿ?u/.k;%9|ojbp`y8>G qbNdﴭV۷Gn<ETߵO;;d-im;<B%@\"+?l}\ZDm[iFD8UP=GN3:Э.i)Z\0ܬ6V\n(C@(\0.<7Muop\"7Hv~GCܰ7/ZU:r䨬\0U	;k=\0\'hInbd;@r𵿊\0/y~T2A((=_;W|\Zzo|)^X[o$-9!#0/z=Uײj_AJ)p5}|Sy__jp>p@ee><r+.k[QzF:Z̆U1/3eӌגgjgB?\'ݳEEW (\0(\0(\0(\0(\0\0c.> IȓE3v\n#yG^+hŸ%ktaϘ[\0[»O>KN-W+^o|r|}> =Z5-+{[M,iXF̪r$y7}DYivi##ns^/\0>K4XYZANokjvd\nHlr7??xOB%_\0vI:TQE~XQE\0QE\0QE\0QE-? )/4/dM>a]\\boJ/BuchY7	a|q^|9?gZ}SQZZ܀!&|J7ߍnko\Z4;?mskj# aʏ\"oDjS^g~~6%il\0\n(B(((((((((((((((5{;k7:=iDX8]^i^kKWK(Q{H\0I {j_Y\'~I&G_\Z{}OY^G}aFªl>a!x$b:(g*M+(]*UcSLfNs6~\\@`17=K9rP#g.9$88$M-ԏ\Z)u\0?BΣp\r#R̩zjWM+VNaSG.Z3Dsؒ;o,r22<\0Myh!0.\"tC˰y_<[x/T[*\rl	!8J9ơs++neAcpӜch.1s(rNnzv%sl\0bjzԎBIi4d矝s9nVZ-uaix\'\'R?JҾ#sV㻚M_DYMPeP\'#n}=oJRn!϶LX#*TO\'\04`h_6\\&UПAZM42<&89-ᏄZ|M6yo#)Τr`	(H,:sko\rMq[\\E3HFz#<qs:?w-jEw6F\n.bw_ЩN\Z\ZN*o˚;\\Oi޷gxWku(V\\	Pc\n	\0^\'#EuRF`T*G)r;s`j\ZƭvO5\0i%r\0\0\r~m\\US2~ʔ9)\'toikF)luofYKӮnIDY%)by3޼yvmkI1<w}tȰ4H~܄q23^B3:t3Mz\nh\0h\r\"\r?U&S&N\'I8JڮKh|sXtKh.^P=\"=q^c_+sTi/7AV-\nĺ=l4x\0O\0N\0xN}/Voe,CFF`pŢ9	####f8B:Ek\'__adaW?VZkYlk4Dʂ&-)!Ax?jQ&Km\rfUJ$orǂM>&\rYi6dV}㢌moٳ~\"x\rnUZY1|I	*IKIIjgrӨ=GYM}gV1S4_Zu\'6\"YJ,P	Z/+IC*1g<kpsZV|MW +\rO\0c㣧LY[=Fe(\n	aF1>rE!MZ\0hm!cp\nkY^=g髷re{hy|W}9mN}*6D(f*>\0*\']K{s$HM3GbNI$I=qRםy\'i$(Q|KAjKqG\\b}<X0?x!$|~\Z9>)-#Miy!dV*3ywQ\rj:VDkYEcD˒FX8*kާ̳E	P)ݺWOWۑWh\0	oGw7qi\"7r3z6{|-3Hԏ(W^3<,yA/^͞]Ev>8!.+A{Y29w0U>Ym#<q3(>Y2\ZQE\n(\n(\n(\nfK!ӤF:G9fPp$U;ȧꢸ\Z>\nj9-`\'hl#q=UgG5ӂ\"]&}\'V43\\Fcx_o6^/wos\r47m$(2N从\\a,\\0CxczٚpqbB+GU-<Amb=Yno$FȠٟs|Iƿ⾞]O-+@(\0(\0(\0Z}nL,KQ-m--bi*F;1\0(@VB?`\0N||YZ/OYJd{x|ѨM`\Z1\nۢa#4k\"d.#2Z+6+%w65\0&[-|x{ᮭIqO%f4ќ)V 2JaSBZuA݋ݸ)Uwv~/-SWF3MOQ?W$׃#-jee.û%w=nZ޷j\'qWw\n(+4\n(\n(\n(7<\0Ƿ\"~e+\rq\00\0x$gk4.,([M靲̹\0#d<\Z\0[Ex5(|\'8!>afk\'֧(g T\0\0P=\0\0~5yo/kk\0*(QE\0QE\0QE\0QE\0QE\0QE\0QE\0QE\0QE\0QE\0l</̌`O:_$?^x#j1 sq©cx^k)T-`\n	g\"IvyDx}4,W)\r̛Vc)zyO9m\Zxl*=6vg[,tGFuΞfDo-c~7xNpLni$V}\0$p*>f78fmZ4QGۣw\0\rӶ\0qq>U/)J.oXg)(}!cPYv	0_\0ھygq\Zo#e\\g#41EyS(-\0\'\\rLzy]Vy.$$h2N$@\0$\0+GW-3CGG.mP*~FсwL_Cgj:_,$K,H\08UTIp1MØuH88OՏ),=F/=x_;O5%-BUo5|\0+Z4\0lie9T̤9շVFq`qm5i{i*4ށEWːQE\0QE\0QE\0\0q6<!Ą]p~w?\'\r~\nMjқh-?,G)U *9߀1,[WV<-/\Z8(+r@#1ϣ¸J}Է2M4M4^I39$$iti\Z~Dj2ͥn(c7^rJ1_:T{IJO˙\0w\Z_IkKA#o)/\0#BepO?.s[%)I緟mDTpz\'#b\05㫋]r6ڭ\"E\\$K9@x8#? 5䕾gX,-9/imu-u\n}9~xWK1Pc8=+\ZUgJqMŦV4}9 :iX\"KH\"8l 2\'\"}>ٵۉtI`T.aA!AwW_ov$$XJ\0p\0pg}IMPI[\\)|&J\0x/Xg[JW_UWt^YJQX\"G˙V(ݴ>*䢷BH}M\Zh^8<CETDG$d+ʯu\0E<ȄD Qe`@ g5	z}߫:ZgI]&%\0n<G\\.Hn~\0>CĖk\ZN6fMs.T|[	ş\Zem\'Q4Xyj她IU1ê$Z>yF;;K빳oK#p	8\00Բ([%oV[K;9ȭ{GQgP$/@>4rcX|ps^h~ɤx(-\ZQG$1y$`\n\0\'b|\\V{[qݙiXb\0Zn/ȶbեI<$2CeDCz=Ԇ:mPYY|y_x\'=Q\'Z$kjI(E)rVBĒ18?~)7qiz[\"$owX(*2H=|׻]\nc97{5+=!8{2vl%l/R\n\rҰ\'N~㾇NlW\"o\'pJA4aW< 5krnn/.e#\02$\0>ד><RrQһEz\r;~~&5pE5`|l>Cɓ&Nxݷ\\Xfn{MmEVkǚ2TG%Xqʰ \"+??i)5ݽ:vWN5q:궚qf1)0ȫ`\09\'yWZ*;MQXQE\0QE\0QE\0Ukrxk6\Z*.q+k20`9ER࿀l>!x[]J{[;kfs<>d@@#FhNUc\ZսAO\0F_U8oN$,3\0enO̠N+*M_kuOƓUΟmvyqʒN8?z.ǌF.Nh)Fqj_ggS]r(r((+\0a\0cPK\\3g^f#>kC0)XVEw1\'FWUQɂ=	ÛO#f~=̞\rI*ϩ_Z%à HHHUBf||\rC-M&yylV%!l(E]\"ĿgӼ8`CeeJ-+BbO[WGL\0e(=@%=O\n#I>5):}4_䊜R2◈\"hlŝH\0YT\0nv%[(\n9(˱8YRwodQXQE\0QE\0QE\0QE\0QE\0QE\0QE\0QE\0QE\0QE\0QE\0QE\0QE\0QE\0QEzۢYj$:59UiXc}QׁOؙ˕6z|9e/F7ɖA\'qLq#Y֮{aye*\n1`r@jnDvjgsPGƟRk:,-ё}f+C\0lF~2GUM5O/E}omNXqޯcgƞ&\rjvox\"oL=uTA \0%\0d^nR@p\n\0}kX\0	ٖ\r#OS\rX!920hv;{;ryZl4BJ6JJVkiVFc$\'/-\"|[zJBũJ/-M,p+>\Z\rg#S^Ĳ!U8  kIt5Ք̥JѱS8zX~7#GQ+Mw=|쎥ZvptEigY{0*Tcx  מx㞥\'&(MjZۅ2NFf,~^O\\v\\jqwq5Ę,]$x\0~\ry#SnכڳaEW@QE\0QE\0QE\0QE?	Ii1ʶ\0lkF\n\0Yڡ31޽o\r]~[E%oyvth\0:~L#$-h̪v4R!i5|J)EgwV~t)ιERByF*\0U˲i_[(۷e7g|-[\rYZݤG.+L;1|WmfӴج^&s2Ǣ\r&mݲ`VO+<K-`-Zl*eYvI ֯IV.Y$I\'u9E2{F<~I잚(ZQE~~hQE\0Vctor+RMgWcͧcout$FgX0$Gu)9~\r62!;wFޫ}(?d]]K{s$HM3GbNI$I=벺tݭZvٓlR\"fWb>ϩ0j[h\ZRCndmFiBJepJ\0	|`Wn!\rۻ}[-w]	N:O\0RKN.E9$.܀|koiᨴ#BDYdyfKXw#snbI^3yA?\Z0I(ٺd\n?\\)Uٗ[noFU\"b@#SU$I?i[xo,^QGZI/r+zh=1Owhc[[dܓԳI$x\0s$8H񿉟85 \'@\r)˓$Pq\\egbk5Oc~Zm3(QE\0QE\0QE\0QE\0QE\0QE\0QE\0WɷQ\'YY[)-(\n6[=Ì5U{:4@G6nۿc{gkURBMv\0|f_MI$Os$䏡¾p<-x3auUN<>Ceyc:tr:2:5s^~}CH]N;>\n2i8~n\rCľul7:.x5yf1E9X~}*U\nytjN]nDݝF\'\0<?\0]Ҿ?Idvb!_9L%]&*떟\r\'?ZL6G{h*BSv0g a;C}O|r[ɡǥɨW:Y[=JMr3/|.;M	׼qC?j6F\Zpv=K,A&JVwNX8տymk2:vߎG|`?h7ZV\Z_ۥzmw}V4qhHe\r	ˑdv?hE>6xgA|7cx&4-g[{3QUB;Jj*V,(`G\\_kY.e\'u_U˄yT*IeZ\'Zj5vƕ̯\'짡~џcK<d5Y#mFf{,*cd$.wGHwu}	ehAVvV[	*8j/ڼvÞGF6V@\0v\01j5<;tx\nݖlB@\nG,~Me|?ε[JI쯮_3yod>9A6i\Z~nf|ê9W.7r|+2c<F&WKFMQE (\0(\0(\0(\0(\0(\0(\0(\0(\0(\0(\0(\0(\0(\0~o^#[KhC57\"z\0܎$lN[o]Xgkb[\\HrQ=^.q5q1rAuoB(tF9;m#(\r|2k՝Orΐ#HHE,A8p\r}oOV﫽ش]\ZŒ+reE9fbNr͹\0\0/2\"a\0?х{\0f7խŝ[%M 9s߰C񍎜\Zntf*.\\G]C\0cG1T#5|\\hKmaZ^4̒[+qUB2qǪzwWSc|d\0bI<\0?\n?s:~]I*Ru&vw]|Ѥr{袊\n(\n(\n(\n(\n(\n(\n(=x;zmyڇ2\\ylH4ȉ2	R~gcЂH\0\0eq[;-ي(#pAgt=g_\râ8gϵP|C*x5.]5{s_Isyq≠,02Ǔ(q(EPZuׂZ-E$RFuHz՗E8ɧt\0fmMIW2]px\nm\"Jҭ$`f﫛c*AӕGKDRK`+QE\0QE\0QE\0QE\0QE\0QE\0QE\0QE\0QE\0QE_Ƨz1-2hXnnMdº/?|0jm{74#AZyV?nfpTLu<1yNTj6:OaQ|>7t^@Nrl\0<Yb|j}s<|\0x^@D\ZS̌hbWdO2g\nTKK榡rv4MۑA&6jJ\0+~>,fjz\Zַ]jsuq+ier^Iٙ,I$k>\n|IGǺ[/ueyHPGfV225\0}|E4j/t?\\^xrŚzCtR~7eT7S(abXjTۛiZw{o\\RJ\Z_75;\'6p6Su\Z?ML6,wUUQ}DhWK;E-lb2~nD/nޜ7WukG<\'ha%m\Zei\0bYƘE31\'k2nWNT#?_~Ei|Wm|m\rއa,L%I@Y.1\'|QAZǠxR9c<dq8A<ߴN%,2HK6\\rzc^3,ֱ㛡6\\ޔfxB[  8\n\0W{$eUkKWTZ֩ɧv\'h}%tM\nӛݙ66t\\y^\"+V.&Yݿ@l(\0(\0(\0(\0(\0(\0(\0(\0(\0(\0(\0(\0(\0(\0(\0(eO	66:YVE$Lrw7Ls<a#MugY̀&9猗STO̚OogkvGqcsZ,0|$M>p&as-f,\0,S<?ʸa@2ua0y\'*Swk[4Kqv=??\Z{oʤ	/NKoT-# \r\0K~>Η}t>q3D\0QI\0j;0s)Ԡ3BՑN;c*L>+j?t]>IѴv%q4mSԒs3L(?Ix].w%|gSyGPiMْ%.Xsq\\W]lUib1朝5JEW0((((((((((((((((((((((((\roP}u=6QeY\\nd=Q׺ GS㾓[F\0`2YVYv}9?=Q_Aq.7+maq{\0S?A>x4	GiȮdW u֚m75)#eaȸ;ǵr\0Zgͽ)fgH@A8\0J\\\ng	3o~WSu\\q#MtCm*% F;@+~#~z玴ӭ\ZJS$R͗pw2	?\\ʓRJ{[mֿ[SI((((((((((((((((((g𽶵/Dn+E1DJ?lF||꾋tς\r͚\Z5\"p5Գ4Y^7`gxS*XLEsIM_dV9ڏf~N/oIHXw!K}}>y-\\NW.19$$5x92{.ˢ((\0(\0(\0(\0(\0(\0(\0(\0(\0(\0(\0(\0(\0(\0(\0(\0(\0mB+{xyGqgP$#gzK#$2i*mR23ی*m6kkesH6XA`ZN+QYQE\0QE\0QE\0QE\0QE\0QE\0QE\0QE\0QE\0QE\0QE\0QE\0QE\0QE\0QE\0QE\0QE\0QE\0QE\0QE\0QE\0QE\0QE\0QE\0QE\0QE\0QEv> Yiӧ~V//\0xU,\r5\Z~\\w艔U|}<qSHؾQP7]BDI[\'q/z~XK)\rӹWRHy\nysoéM=봻w\n@\rB}Z{YrII$5ʲuѕ|\Z鵗m\'9s!+Ӡ(\0(\0(\0(\0(\0(\0(\0(\0(\0(\0(\0(\0(\0(\0(\0(\0(\0+G<=	5\ZsLW-	#Gz֓^3I%Ք!	Z2H;Idda]X*^5fLό[JYax%h։B	q5N|I9Ԛ+3,AU̎gw?yp8\n;f5]n]$4ѧe\\NI85hRs#_ČڠQu/<c<c%I(fjBaZ&z|**4t_[\\̐p0H<Jr9$(\n(\n(\n(\n(\n(\n(\n(\n(\n(\n(\n(\n(\n(\n(\n(\n(\n(\n(\n(\n(\n(\n(\n(\n(\n(\n(\n(\n(\n(\n(\n(\n(\n(\n(\n(\n(\n(\n(\n(\n(\n(\n(\n(\n(\n(\n(\nӼ_i\ZTkcuη).ܠ\0G buQREPEPEPEPEPEPEPEPEPEPEPEPEPEPEPEPEPEPEPEPEPEPEPEPEPEPEPEPEPEPEPEPEPEPEPEPEPEPEPEPEPEPEPEPEPEPEPEPEPEPEPEPEPEPEPEPEPEPEPEPEPEPEPEPEPEPEPEPEPEPEPEPEPEPEPEPEPEPEPEPEPEPEPEPEPEPEPEPEPEPEPEPEPEPEPEPEPEPEPEPEPEPEPEPEPEPEPEPEPEPEPEPEPEPEPEPEPEPEPEPEPEPEPEPEPEPEPEPEPEPEPEPEPEPEPEPEPEPEPEPEPEPEPEPEPEPEPEPEPEPEPEPEPEPEPEPEPEPEPEPEPEPEPEPEPEPEPEPEPEPEPEPEPEPEPEPEPEPEPEPEPEPEPEPEPEPEPEPEPEPEPEPEPEPEPEPEPEPEPEPEPEPEPEPEPEPEPEPEPEPEPEPEPEPEPEPEPEPEPEPEPEPEPEPEPEPEPEPEPEPEPEPEPEPEPEPEPEPEPEPEPEPEPEPEPEPEPEPEP\nendstream\nendobj\n11 0 obj\n28324\nendobj\n12 0 obj\n<<\n/Type /XObject\n/Subtype /Image\n/Width 6\n/Height 5\n/BitsPerComponent 8\n/ColorSpace /DeviceGray\n/Length 13 0 R\n/Filter /FlateDecode\n>>\nstream\nxS,c``X)?o_ v\0Q\nendstream\nendobj\n13 0 obj\n39\nendobj\n14 0 obj\n<<\n/Type /XObject\n/Subtype /Image\n/Width 6\n/Height 5\n/BitsPerComponent 8\n/ColorSpace /DeviceRGB\n/SMask 12 0 R\n/Length 15 0 R\n/Filter /FlateDecode\n>>\nstream\nx/,fa|_ODD?_/\"B/V	̇TB|\Z\nendstream\nendobj\n15 0 obj\n61\nendobj\n16 0 obj\n<<\n/Type /XObject\n/Subtype /Image\n/Width 8\n/Height 9\n/BitsPerComponent 8\n/ColorSpace /DeviceGray\n/Length 17 0 R\n/Filter /FlateDecode\n>>\nstream\nxc<tl\Zbx9Ojii}{`Z 6\Z=&g\r\0\'\nendstream\nendobj\n17 0 obj\n80\nendobj\n18 0 obj\n<<\n/Type /XObject\n/Subtype /Image\n/Width 8\n/Height 9\n/BitsPerComponent 8\n/ColorSpace /DeviceRGB\n/SMask 16 0 R\n/Length 19 0 R\n/Filter /FlateDecode\n>>\nstream\nxc``	b!F*\0!M\nendstream\nendobj\n19 0 obj\n30\nendobj\n5 0 obj\n<<\n/Type /Page\n/Parent 2 0 R\n/Contents 20 0 R\n/Resources 22 0 R\n/Annots 23 0 R\n/MediaBox [0 0 595 842]\n>>\nendobj\n22 0 obj\n<<\n/ColorSpace <<\n/PCSp 4 0 R\n/CSp /DeviceRGB\n/CSpg /DeviceGray\n>>\n/ExtGState <<\n/GSa 3 0 R\n>>\n/Pattern <<\n>>\n/Font <<\n/F6 6 0 R\n/F7 7 0 R\n>>\n/XObject <<\n/Im10 10 0 R\n/Im14 14 0 R\n/Im18 18 0 R\n>>\n>>\nendobj\n23 0 obj\n[ ]\nendobj\n20 0 obj\n<<\n/Length 21 0 R\n/Filter /FlateDecode\n>>\nstream\nx]M9rS&c`@{X`h=,ZcYUYSʖ[uGdċO2_}Ͽ?忇Oӿoy%?	6R?C6`+??><|G?cR~y;?Xpǃqm6񕱠o9?i\'kY|?{]\Z;]3њW0=Pg\'Oh`]LJכ_wBW0;qeBh:3$h;p_]nacJ!2˱ZqΧ/G{AZv۹?Ϻ^ rT6,]G+<!<nFޙf8*aw6,ｱٗV8b	I$sܻ3ϭ,i@sgo7(-0s:ύ\nV)Ňܱ*G_zs4kVV,#wd	QfwmrsK}`6[4{uƠ,nqLx\'ڀegFQn;n6`ٷQ~[?9\rXvm\"-|pߞ{g[xsۈeo	Qn;;X1l:X>e_ջw\\it9n([ rz:Cɛ\rpB[J߿u3M08\rXFP_Eu޺/-0m\0f]!,7Az*{ߙf= ;k,|3Qٛi>{>cG|b?FٓqV?:-P(?7|?`gbW3/!3!\n	$	e%r^T-n9&ӟ#%Dt3.y*-wk̒ZZԍ[CRL\ri[!#^axK˻K%ja2R\nfyu+S5?j\"T#cϐG(1\rhk^Bf2AT!-JU&/fD]s-dvF~ZD[\n4mi&=BҕҌ\re#-\\vI﯇[>Bϻ=\n*)<Q;\\.ZEN}MPx#{]<uJy~M]ƥ˟gudK%KMf*ڪ,ϪOU2>7{W~V=7HտUWxlB\'$EimخST(PC+J{o[\r!)|NMCLazfWiKUrz\njĞWe$ը>LyxST0{z7O7j{L|=VI{7GYoW|2V%I(	<4Ӧk~fq~OƨP,	9PBEQ|#;Fv=\"]ɺUTSAՖf\Z,$\\HW%(V\Z7h)Wߢul{Y٩L}<hR]kefSC۫9wnZi˺7bWWuq͠<vM-čK,#fT񢖪\ZN_`PZn̞$c[W=8ީجyy˺<\'ƨ4Ur	;̤mwj4>*GD{(ݸS~n)HOTpItyOA}dw*ڴ~:i/W3h˸C	;MVwY^\0,B^]M\ri.ʶ?+qP\Zk֒kɵGW_Q3f]vSܲr9zWN{J]\\LQú؞$޻pm\'Cm_㎂yS˩~^9iw_NRwHGU(smzu\\g;m]tJnzۺ3VjDnճةXs^9եڮq\0Rr(JSu끞{RBHxhDfOGqO]USb2}wT7O\nE%\r:@o?_f;\ZCMK[j]*SQWWT{13⹧+懪Y75\n7qq~N`ӗfzVuj0_FnWrj[J+}KJ>Az]7Dת_au]3@_}ݺ.םg.ia,ݘ]឵VO7~Ntǳ˒m]:g}vߞ֗li|MmͥuG\\<YTiw䚳ZźU*nz2KHi??Sh`s/=A;^5x{C1:Q=]7ϝPRԷ\"AG\0qJJ8iϾx\rH\nyGڏ:ŷ%Ȕ܀~:p>:6U-wD?>WKk:nU=VJƺ̻jlYMk\ZKEϲƥsGNƚoSw~]Kn\\|RMI;jO;ۧ`_]=M)kO\r3ݵn-.^pKF&uM%uSЀo^WNO!Y:O{J6^oYy!c|GUng-:bpna>QMN+p*3Y~KiyΛ~$~\0e\\/li)U6^+(&k-ϏkУ?h>|K>gIއ/~ma>ޥCqH><K~GLJso\"?}~_RsP\0kFOVnZ8nߵGlt|2<ο&a.]rou<n00\ntV}g~gK*WöNV\Zᅣ`7(B^gUPFЫg!_UPEs#|K]acl>&f.7|Q.)?y4+\'%8gq>gboF4R18_8:[ߧETqg.OPF|]:`!v؀ǖ<_ΟdM,VCs,`!f8شKKp鏤83@KΛ5Ksz\rDa8S?]L$=\'[9ݻ|9uKq7s_\'LN)Er0>uFi-c@π7NR)`)\rT@j	c܈9!0\ng.\n5{\0d2P!L?+C=э\0ߘ:nP9;i|O1G\nXx-<BbB.:vͣC_n<\r.i!*Z0E&dD|D%%\Zk>gul/p;-߁&b	AjH܍A\0c18W#l1XXk=[\\\"1^`X`!\0J;%^\n\0|ƄLOޗ!)\"{(bU~\0F>/ƓX=XJ)d 	ذ3*xCKqNGlPo\Z/8ϩugts(ICIiZ`F00GvbZ/f	C\"@NnF\\hcO%ה!A$_22 S:$d%8/+1яp1pjpws#L,Ht6$T\\b:둢\'+>t\\%GC/8\ZFG\\r1y0GF#h4qFցTGqFbc]\'x5\073o%!ƯD_X\\$Ժ&dfP\r^Uag,fCx p#].bA҂PVozT\r\Z\rbItCH(HQPQI,3Z)B\"Xȝo7Kз;H$O8;)cIcC.2\nlF:.\"#3`eՠQɈK527^!r2e24)	).B-F#Z;A	TH4 \"T}aHf\n(@wL@@I\nc!u$5O@Tcvx!SPӧ%:u$5̩bG50\nދј%-\ngXMOrh`E {0P3\\\0\r*2lآ2;)Oyj3Rb1Dj TSS(n3J|MTdK2cG_ޖ,B<Q|,~C%R/	$d.\r>NT͐\n!eKsc6:lBuZf\ZpYTilԌݢNT #-2,]:\'PtDT0D:ќ,Yh8h$-A Y;Yq.ȡ~z2o[\"=S;^tS+L3;tlPwZR}RDMt=\\H\ZaGj!a:djk?GIHa&:~~H7>Xe$TEU]7:\nn,_R! AhP#\nS\r\"Ra)T88X;A;@=KYdYbppNR:tјC~\'THS2_:]Y06\05|\ZckF*j0zԮɌ5Q6ͧ@,qGvs\Z+xaΉYX4sԱVB-߃F)h`pwb\"Z TT?i%nb>G?nL nAJe&Vkܶ:C0+xlfF:HGjBDQjXJe5:Vޑp!xO_X)c\r[!5S 5j<<B],DR9Dp`,IEihR8=*k(<\0DBjg1Rx_zj:@D4^X1I&e=K*LURbw#0\0iPpR90E֫L<l\ZZY	|%@.M]H(.0Fj$Ai풣NC dZkPQ\"mĜ4_uncN&;ȂOZǗG?1*hv}BEC!unCu/HP*4yxǳm$G68Yb-SQQёH)h:ϯ*eI.|*\\Tj\ZO`-N!1--ߖ/=8DpPKdmIE*IptPΖ`LA7/Xs,U9T4K,	aͷ9]p̶ҥ?A.L\n3f(%(pZ%Jw^WBn`^oQH/Ȳ~[.I-S.ŗ-V+lD̍D5\'L1CoT\0xO	Ն;+Wx;݂ۃX3)SuEv9TC|tt(sgzv17!D)C31œkV\0c\rH/Sre\"\r5,T^P86h0eU$KJ#ŇL>@:lƩlm\"7ܜ,5%8ӓÜ3:ò\'U\0BccaE˃4f7_DE$-PfZ\"#8xT0r+8,9~/T/L:_	]les$M݊K5V|@\'sENeCPi(U0kRNpaшpDwu4T\nɞxڣssTkP9`hK[cZIB$9v~F^PgĘ2JX	?&A|a\"Fi|Lr|Q*\\h5v;<?lj,$B-_m fu嚫	SF)Pa+J*4?V[:ʧֈ\"K/n\r\08Q~tk<e0[sz̗Y؎7EtxJgu+\'-1܄c|>͛]_Y=5sjԃD(9>!5FD6:]0:=O#ԑSȬ+*P:\"=A;\0`[@	B}{\\~x5{`zU/ޮ^U`zU/ޮ^m;+ӗڬe`{zۣ6n֛%Wwʫ,q/DVWKsqf2xǇ\nendstream\nendobj\n21 0 obj\n6575\nendobj\n25 0 obj\n<<\n/Type /Catalog\n/Pages 2 0 R\n>>\nendobj\n24 0 obj\n<<\n/Type /Page\n/Parent 2 0 R\n/Contents 26 0 R\n/Resources 28 0 R\n/Annots 29 0 R\n/MediaBox [0 0 595 842]\n>>\nendobj\n28 0 obj\n<<\n/ColorSpace <<\n/PCSp 4 0 R\n/CSp /DeviceRGB\n/CSpg /DeviceGray\n>>\n/ExtGState <<\n/GSa 3 0 R\n>>\n/Pattern <<\n>>\n/Font <<\n/F7 7 0 R\n>>\n/XObject <<\n>>\n>>\nendobj\n29 0 obj\n[ ]\nendobj\n26 0 obj\n<<\n/Length 27 0 R\n/Filter /FlateDecode\n>>\nstream\nxVO0~_q&KL0da!B<{k0`~~ݵл=zƫ>11w\r/h҄IjBP[5ۿ/Xbe8	w8v`΢95\"\rD=\\upR-\nek4b\0E\n5R@)5>_7TFZ6}Y\"-8\\p<899w\'}T6?_jb,_=\\1Ve[j#jSvv/Xo\'.p]a~ %rpŌբ@DdSPBd{,ϡ<\'>GjhDJ%p`|-~{!	!i\'mT7v&$\nk\rN\r}aNn;\0\\CcP{1҉}:z%ٴ^<zW\'BnY;_^A#9a@J\nendstream\nendobj\n27 0 obj\n468\nendobj\n30 0 obj\n<< /Type /FontDescriptor\n/FontName /QEBAAA+NimbusSanL-Bold\n/Flags 4 \n/FontBBox [-173 -307 1097 979 ]\n/ItalicAngle 0 \n/Ascent 979 \n/Descent -307 \n/CapHeight 979 \n/StemV 69 \n/FontFile2 31 0 R\n>>\nendobj\n31 0 obj\n<<\n/Length1 6136 \n/Length 34 0 R\n/Filter /FlateDecode\n>>\nstream\nx}X	XTWWUa*ʂ*Y(J]ddEB%	qN?5JI줉f;NZ4cH8c2If:-c}UIg^s9gy!O^Qӵ$tׯݕ&D_.N˱}M[w\ZՕ;~?=!Rr[1BdolZH	0!t$q&DpSqrl@+qbx9!Q!H!*MR\n=RX\"ƟrOL0erʥ*Jo0ЁN)WX,,-gNA#0_\n,5΅*\0`ˣnVW\'\'#\'Cep丸dwI,A;	AS.RoOWPbpKtW[cqˏՅnH,#[26\'5vK1YnBPWZak^Rp\r!j*C!(ߨ\rz-N#AK[;~)+bԝ/UxHEti\' <܇4JՄe=~>!7DXD/ƛ	@0?񓨯Aԗ1@t	&-8!84#;^ZnxZ`\\fĭ2܁*J[N\r,>eRډҫTH~]ښXcPud!\0/4+%IK6u2\'7edh2J5eZdr%s]M\"S҇}-tE/\nՏ#PT4:T)<-?I>z8SS\0L1soHxߢyqw;R2c|:7.#aŶu(*S/)L *]\'jݻUK,\r\\LOm+湾ϱ\0.4?BFɡ*5#]~4T)cFā-SƙFBAc(0}IKs_f]J0**\Z=##EY6_Q>_Cg)չca5p7EL)V[{fk<߾5!:n`<w<\nf=Z˦VK,D*ğ23M_;q\ZGEs)ttD߈oF	T.\Zrԩ4h;1Kʵo\0oCk%T]/i4FJGFD0ppR	<\n47vl+5uww#\'P{(B<DKgл8\'~^TP^٘mU	\0~6M{2Gj(#л8^Z.K6()~хYعw0,6Ԡ>Fm@)^\0GAИͫB#`YŪN`6{{pLMJ{lS$033玽PZ\\yek7vPcI( K	0\0z1E*QC=(kw6Y-8 |MXO\"Vw@[>\Z6-9CfG03L׆\ruk0!6XP\'\"ކ.kUߌ)Zoh(]c[7vt5\'4j&Ģ,TAɜ(鏴)8vY`S[$oz}*E+h\'\Z/\0Z&\0ˊŞE׷1\rFAJ4/fliҷ:UuQAVݶ݉2)ʬ[T1|cee*0Ѥ\'L(ATv{Rz\nBFdɄ3ok	1e@PwPE%H[!MUW>~q5@hK\'Fv\0s㿔`%{2<k]O8sjXPحcVA>5=$t^n-uhYe)\Z}39ԫPp/C?P\"#!i׺j^ɜ?ȵn_Eqkʽ5-/{C4YGk6t6$@#CQD,WQy5 >\']);^zi=)oY>Y˺2,{w)۔ּ}u<WtWm	dZWޞh=eňKdDR~o\'Extpb鑩fB!th	GJK<S+m3]𝿃`C08یsן}*-欍6Lأ`,q\'%甈3r{w,Deԇ	SR\n5̈́mf[I|P*̗,.ie\"΋JD7$wO߃gA}}Ximz6-nk]Լ\naoYdN\'8@>Q\ry8,NRẍ́e1G+-g;h5;w$Ŷ6T*rx};⪚M`K:fkx\'fizוMܙUfv/s/`OoYbG}lՊm	LRݺQ*p50|g*wޜwyS땝e{ZH8s=v\r.6~M^XZs4Բ΄_6\\\\{d]@~wI>O_97;+iz\n];b 49fDN-ug>fE`6ՊKtFﴂWW\'[y(:J7KВW\0E._W^ZÒ<\"!W=GeSME<r΅I~ź?K XMQEN}18u$!S0SyeUbQ9o\\P.ioY72M4$\nQ<b%ڀ\Z΍IĞRf+PaӢ.֨;G(/\ZC29gυn*6jDk|*lOzy39kz.pӥG-6Gi,=/cZs`,ΐQ3X2MȣX\\.߲$R	-·_|/:plĦ;qJ/y;f\'W\r)c5/YbY?yb	kĝ٣vь=rsNHc/$I;P}+}3K4\r#oqP\'r0	eEPx|غB]F{2Sєegբh\r1h2D)C)e\n}5hge.7aMـ#v_s>=a2;	dLLQ4\rfC/7wq54ri^CǦn0m̽/Ѳ`k\"|A\'H09R\Z&q/`ML8\\VrתrS 0$2~Jp=,MTaޔYCE]Y*K};nذÑ1~	+:GLtTZoB$m&@\n;~8FS\\`nt#\'=[<5U$Fr??SnDy|ۤKpD=*s$4ǈRZi[ܻU,%F,V F~wsg.S>y#VLEu!͝p>tT*UZ s/`1NpS,^˘7DtH6p$B<%c3a\"_Q*M/\nn4)HjԹqN00HY姧&g\\xv}83nNL7i\"M\'W\r[? &LmʉPU[{B\'Ï~ďp{Eͳ͒6?7u2̵ėt3##>#&	eiꩢ5iX	la1c83z2,HGu#}by\ZX vGEZ\Z|,M9kws	d3xXH7qx2\Zf3]֍ek3+}}\'\nm]QTM<!K6HJ>wTSN^F:A+g\ZH<Jӟ-z,|Nd1u,:ю,|XI@\ZH\'[0XK1\'B\n-\r	kώp*|\'d=i6cKيQ܄fj74@k8iJRz,s+FوdafnA[kc1RK^ӑ,ӄڄ5bP@i#mH=ޟE#_(ք\nendstream\nendobj\n34 0 obj\n4583\nendobj\n32 0 obj\n<< /Type /Font\n/Subtype /CIDFontType2\n/BaseFont /NimbusSanL-Bold\n/CIDSystemInfo << /Registry (Adobe) /Ordering (Identity) /Supplement 0 >>\n/FontDescriptor 30 0 R\n/CIDToGIDMap /Identity\n/W [0 [496 716 552 882 552 330 276 826 606 276 276 330 276 606 330 386 606 662 552 606 772 716 552 552 552 552 552 662 276 552 552 552 330 716 716 552 552 552 716 552 716 330 330 606 606 606 662 606 606 936 606 772 552 716 662 ]\n]\n>>\nendobj\n33 0 obj\n<< /Length 742 >>\nstream\n/CIDInit /ProcSet findresource begin\n12 dict begin\nbegincmap\n/CIDSystemInfo << /Registry (Adobe) /Ordering (UCS) /Supplement 0 >> def\n/CMapName /Adobe-Identity-UCS def\n/CMapType 2 def\n1 begincodespacerange\n<0000> <FFFF>\nendcodespacerange\n2 beginbfrange\n<0000> <0000> <0000>\n<0001> <0036> [<004E> <0061> <006D> <0065> <003A> <0020> <004D> <0064> <006C> <0069> <0066> <0049> <006E> <0074> <0072> <006F> <0050> <0076> <004C> <004F> <0044> <0037> <0035> <0038> <0036> <0034> <0053> <002E> <0063> <0032> <0031> <002D> <0041> <0048> <0030> <0039> <0033> <0042> <0073> <0052> <0028> <0029> <0070> <0075> <0054> <0056> <0046> <0067> <0057> <0068> <0077> <0079> <0055> <0059> ]\nendbfrange\nendcmap\nCMapName currentdict /CMap defineresource pop\nend\nend\n\nendstream\nendobj\n6 0 obj\n<< /Type /Font\n/Subtype /Type0\n/BaseFont /NimbusSanL-Bold\n/Encoding /Identity-H\n/DescendantFonts [32 0 R]\n/ToUnicode 33 0 R>>\nendobj\n35 0 obj\n<< /Type /FontDescriptor\n/FontName /QJBAAA+NimbusSanL-Regu\n/Flags 4 \n/FontBBox [-174 -285 1022 953 ]\n/ItalicAngle 0 \n/Ascent 953 \n/Descent -285 \n/CapHeight 953 \n/StemV 50 \n/FontFile2 36 0 R\n>>\nendobj\n36 0 obj\n<<\n/Length1 7616 \n/Length 39 0 R\n/Filter /FlateDecode\n>>\nstream\nx}8	XSW)E$,1CXd1*Eh)ZjEqE贶ť:V-tN7m<s_ڙw}sea	3!LXemsE	?:h*/)8=UsMy	Wׄ<pldp,+۸޳?c.YSǤ2U8>+J~f0I?4#28h\\|]K=ö}{i?q|h\Z }N;v׹1	(JJ]4=w9T)J,Nد?ZS</\n	KF:ژVg7mY\0;ltw,,Ξ=Ņ̳#ͻ6G#Yf;Ð\\&0RT#^%=5P\"L\n>r2m\',Ԯ(챫\'#Y\\BUv\ZtnS2U6=oӭ	q-\Z^NJ@gESjǀ³jcfEY*䩶;LpP8J41;`1%)ww=`ERp2/sS^d񑹋E?);8^8R]\\SaX\05UɳMnsf92)UTCZ>@~.jtgX\Z&@!Ha)WQB(\0q9$טZ+#?r+#}[a@z^UH mZR}X%Q^b3\\pm\0G/@Q!z`_%!#\01͏hswOB,L1̚c-ULb_SALs\\N2UE2FTE[k#\0n:YSy\Zy\0MIl53aA(cn$?,\Za޳;x9J+85DM(H\rrloNQG$ϋ Z5NnnM9s*3@.gZľwRmLJVYyѡhxqd\"}J\\\Z@`[}p$2JenQ#tZI顊@W0U]y31XTq:5E25,PYr*!(FQ\rSka*6t-aNl}\\EYqiD	K7Gdq2ܤSpVΒI\0\"\n\Zҗ\Zf/+OXk\0A[pY)ڙ<ёsl/- \"}q)j+=s2J?\Z=J&Y (5R@)Xݍ&dw:\r=vYN&jW7S367o0D,!{.]\n5sykJ=?N\0T,쌜bH@otFN UH5P=򹭇`{lhLFU6|_{/\r%t(&dbI\"֕g\0bc{k-q\0qNէ	y[Ws``J.2v~Ҿ!}ǵ?62_V0ὥ{k辏دv0CSLT8ȍjaGسV*XcCg7EUy{IO}yH9聠-ۚT*߻t),m4X\\7?%Ӈ}6,b[[ȟ?,9t1%.Y\")L]]*cm|*aM	Bj+\0+yZcy<oc.E1XA]K1qB,vrT1.Ϡ\\iP~d`uM`NbPҲ,v}lV ?<#zg[\nAe,IӶnyсUB1]DS:_K[`~n$`Q,)t0y#_?N~0=TJ!ޯJQQ5YMNq(\nw̘Mu_;?dDO)tPOw_5NwEb&d7M\0h]ar:ʗ&,_\0_|;GN?&>y/F\"jڧ;͂k7]֐k@`:uZP]UnXCnTM S: _ߴe˦\nE:l&Z%=93T\Z[6ўQ,F^qOwl70\Z_w!̢iA\\p\Z>to,U/:Me\0цն!7+3	&~;\\M(V*`NlE7d=z1}uRoG^_T\0j\rXix1 gl::2+coC6rdF槫pE`YF~`NW,ԨF^cWq쫠E|4h*R/]]^q\'*ӎ<ӳ13\Zg0OsI}=%Χ?B{vAou<wN?̱8_hmB9h|}%BU@3m!ݲ:[w{+i.~K&[VB1|#EjYơes^˞}*\Z8cs` ))d\0ȧu.JN$ӈʟB4Up߾HL:Vns\r@bv\r\0@5P\Zsu, P\"ǋ>\rcBTCr\r|$B>pF4`\n2y}E;ʨ\'dqnMnQwܫɏs<j٩sh3r`ExSj椭ʧi7ɳ><\Z׾|~FBmH$T4)_oOGsZ׽ۑg6C̙\n\n  (h{epj@4fwO\'|kXnƟ_Z34)ogn碫kfO7m){\\\Z_\Z0/!:բVq#fvHw:ڇQKPzp_d(\"3#IV!cZBP`)w.mn`05Gb?8駊7-yRgX+K5a\Z3\n?jh]T\'V\n#۳\\d?a׽+/9d_5+_m[xojuG͋e[KsٶCyX5YN^>(UN¯G&td06!|*=tF\\y% ~uoWm1,*z<36SG3Z0|r钞\'͡\'o-;jM\08a:*4Yߘr̰)!=g;lvF.ɣ-\\h^47bZ^L6VAėe|eƚàǱ7~\\\rhO|Κv|y\'ſ26)pM.1U\'O<u~Q2٫4iL\\-V\0-LO	Xޔ\'R\nc05ޯ/yUL]먳%u4hbCFƑgI_껯H(JNl\'hMa=H_<>.9K[ 1v\Z1r	;.bڼiBO#R5RY3t\nD6+iò͜F<6̎w+#8Mu~! wN۹P|K/o_\0ىp;_	sm+~H	ϝs2/;^gaK0T?Yn ªw:w#𷏿߾\"#Co+_١ßw<}p3$\ZLP5_`\\O_\rCU0h${6RFXb2q/Oǽ\'TAp\ZL3DKǥ<Wg)ò`qUs]Cg7flŨ7\".\"3((BF}b* nܖNmWq)6HٿblhA4VUձ1U@qj6UwUG,_Vb.=6GDð^Ծ4#2&)81މXo1cI:gכO$L87,\r~\n5#s&Xc\rX0lI4,c׸[Eq_UD\\_:̊1G-Njw53f:A֞O[0AB݄hKOn`]\\EP:v.4_0A#Bk\\<K诱n$Z9GBs=\0]\'0y,k߇sUyhG#W(d #չJ6XOP+h=tRlȥ~C8L3eD.kfp_~w&\\8^t6nŉ\rqq|>ػf 2cMN۞Uw<?MBi̲4_z0ܕO\n,_aFOӵݼ@8*@G)\0_!!VS}buruh(:ƌ|Sfӿ׭Z÷$u9fH?\'-;(%R$x\'0R(] 2--Xkk(Rϛʾkѻ?[!Z$dK;ª~fw\'\\?sݹ_g]uQQv%-nNLPz{b [_[rxc1z:o6B_{ \Zl\0)t`|\\B%M=C겶V!ٔi\"o}k.W$D\'~1z7Te{Ke<h[hTd^x뒃(-[_0+oTj\0,ǦnqZOZ\ZdIX=A~lS۷jqtDxctŤMA9wo\0R>Q1o6?m`_Fp5_TUlg$Vz.|((5\rjZ&3v|w<}៣C>ӣO\"1(FKFI8~Ull&bo$~{-\n[<l}[#zrZ/߄<gp[,q5NR\rm#.쿎~lqIɄ_w\n6\r[ vc+fr!@a43)b61x(#\"\'8˲3إ_:n+;Í2DkEEo>\r>	$ONS2.8]sflBᄖ	_O<鉗\'~<9޹ysۓ\n\'m;`DFE!,%Î>0\'v9tŌ72񌅩cL5ҩb\Zf	h-`|(s	Up<\'ПS_>LS4kWHYVl\n\Z_tjW,ÙJ5#TaJ2cs8IjC̫+O>L°i1#UĸBQr`b-AoG獈߱*\nendstream\nendobj\n39 0 obj\n5721\nendobj\n37 0 obj\n<< /Type /Font\n/Subtype /CIDFontType2\n/BaseFont /NimbusSanL-Regu\n/CIDSystemInfo << /Registry (Adobe) /Ordering (Identity) /Supplement 0 >>\n/FontDescriptor 35 0 R\n/CIDToGIDMap /Identity\n/W [0 [276 662 552 330 552 496 276 276 552 552 552 276 552 276 662 552 662 552 552 552 552 552 220 220 826 716 662 552 276 496 276 276 662 552 552 772 662 606 716 496 716 552 606 662 716 826 662 662 552 716 716 772 936 552 606 552 552 552 496 496 496 716 330 330 330 1007 276 496 496 ]\n]\n>>\nendobj\n38 0 obj\n<< /Length 840 >>\nstream\n/CIDInit /ProcSet findresource begin\n12 dict begin\nbegincmap\n/CIDSystemInfo << /Registry (Adobe) /Ordering (UCS) /Supplement 0 >> def\n/CMapName /Adobe-Identity-UCS def\n/CMapType 2 def\n1 begincodespacerange\n<0000> <FFFF>\nendcodespacerange\n2 beginbfrange\n<0000> <0000> <0000>\n<0001> <0044> [<0041> <0064> <0072> <0065> <0073> <003A> <0020> <0031> <0034> <0039> <002F> <0032> <002C> <0026> <0033> <004B> <006F> <0067> <006E> <0061> <0068> <006C> <0069> <004D> <0052> <0042> <0075> <0074> <006B> <0049> <002E> <0050> <0037> <0030> <0047> <0053> <0054> <004E> <004A> <0043> <0036> <005A> <0056> <0055> <006D> <0045> <0059> <004C> <0048> <0044> <004F> <0057> <0038> <0046> <0035> <0062> <0070> <0076> <0079> <0063> <0077> <0028> <002D> <0029> <0040> <0066> <0078> <007A> ]\nendbfrange\nendcmap\nCMapName currentdict /CMap defineresource pop\nend\nend\n\nendstream\nendobj\n7 0 obj\n<< /Type /Font\n/Subtype /Type0\n/BaseFont /NimbusSanL-Regu\n/Encoding /Identity-H\n/DescendantFonts [37 0 R]\n/ToUnicode 38 0 R>>\nendobj\n2 0 obj\n<<\n/Type /Pages\n/Kids \n[\n5 0 R\n24 0 R\n]\n/Count 2\n/ProcSet [/PDF /Text /ImageB /ImageC]\n>>\nendobj\nxref\n0 40\n0000000000 65535 f \n0000000009 00000 n \n0000065444 00000 n \n0000000175 00000 n \n0000000270 00000 n \n0000043653 00000 n \n0000057736 00000 n \n0000065303 00000 n \n0000000307 00000 n \n0000014110 00000 n \n0000014131 00000 n \n0000042639 00000 n \n0000042661 00000 n \n0000042870 00000 n \n0000042889 00000 n \n0000043133 00000 n \n0000043152 00000 n \n0000043402 00000 n \n0000043421 00000 n \n0000043634 00000 n \n0000044009 00000 n \n0000050660 00000 n \n0000043774 00000 n \n0000043989 00000 n \n0000050731 00000 n \n0000050681 00000 n \n0000051039 00000 n \n0000051583 00000 n \n0000050853 00000 n \n0000051019 00000 n \n0000051603 00000 n \n0000051812 00000 n \n0000056507 00000 n \n0000056942 00000 n \n0000056486 00000 n \n0000057877 00000 n \n0000058086 00000 n \n0000063919 00000 n \n0000064411 00000 n \n0000063898 00000 n \ntrailer\n<<\n/Size 40\n/Info 1 0 R\n/Root 25 0 R\n>>\nstartxref\n65549\n%%EOF\n'),(234,4,'%PDF-1.4\n1 0 obj\n<<\n/Title (\0I\0n\0v\0o\0i\0c\0e)\n/Creator (\0w\0k\0h\0t\0m\0l\0t\0o\0p\0d\0f\0 \00\0.\01\02\0.\02\0.\01)\n/Producer (\0Q\0t\0 \04\0.\08\0.\06)\n/CreationDate (D:20210314091820Z)\n>>\nendobj\n3 0 obj\n<<\n/Type /ExtGState\n/SA true\n/SM 0.02\n/ca 1.0\n/CA 1.0\n/AIS false\n/SMask /None>>\nendobj\n4 0 obj\n[/Pattern /DeviceRGB]\nendobj\n8 0 obj\n<<\n/Type /XObject\n/Subtype /Image\n/Width 774\n/Height 416\n/BitsPerComponent 8\n/ColorSpace /DeviceGray\n/Length 9 0 R\n/Filter /FlateDecode\n>>\nstream\nxw`.2\ne.e S	Eʔ) (d\n\nd.Ptӑwe˵{} \0\0\0\0\0\0\0\0\0\0\0\0\0\0\0\0\0\0\0\0\0\0\0\0\0\0\0\0\0\0\0\0\0\0\0\0\0\0\0\0\0\0\0\0\0\0\0\0\0\0\0\0\0\0\0\0\0\0\0\0\0\0\0\0\0\0\0\0\0\0\0\0\0\0\0\0\0\0\0\0\0\0\0\0\0\0\0\0\0\0\0\0\0\0\0\0\0\0\0\0\0\0\0\0\0\0\0\0\0\0\0\0\0\0\0\0\0\0\0\0\0\0\0\0\0\0\0\0\0\0\0\0YPrK\0\0ar\0r~\\;e\0}\n!D[\06OCFa%\0y8\"4\0 wx6xzr\0)VNӫ,\0@u.6hi@k E\0BC\0dwe\0\0\"\0\0|M`DiE\0\0YQ>vkB4X.a\0@%\"H_\0/:#HBr	\0ǂX5!F%\0 +C-\0\0\0\0\0y\0ue<\0d\'-\0B*\0ʤvBӍ#{l\"\0\nZ&}WnIL\nNրR\\\Z]|!D@\0QOMCzRWn\'-De!#c~FI nJ!I}4=۰.L\0	eS%@hr\"IYE\0&b\n`&{-&֕[@ZVD5[61Ki.	}`E	EnDٟZn\0yȊ\\LnDL#(yr&ߨ&\"d\ZP6JnlrpE@4ցJ+%ב&!\0{M#%r\'`r_4Ma\0e9}jAs\r,cIk	YOa\0%ig7,QĚsZͽ/J\"\r@Q:3Pl/iӣnCAVi^O!6%P/TR(a@wvB5nJNONxuq#n=>hx=\neګ6v02r:|߽E>5MLmҖ[(KQgRߪ$.\"[۔ց\r[ROiy>~RWq*7q|F`-,G]|Fr(T\"\Z0*oIUrKt*q#j{nAFMH-@v0ɨZ=]V|j.ex[nlG\n L\"<_SL6s_xh2SbJqۦ[$%\'Σ4P*We?LzK.QD}4M;Fr4*ѥގhNxDM3m^InlOF)xyh=YJ务jűg%~b9*e^\0̼ܟRIX,gӿ^?>9yΝw3U2*nY{L)pӓBrǧr]|7o]Z*k)nfk\Zq`~!%+U^F>sMdj5A^jmTBIB({]/<why\\Nek^Ē7[ߤ#6K?i׮*Դ\\8[WJ=[Iy} ɋGYKM+~H\'hڌ|ŢP뾩EA~?tYni\n㑗jz&mO6J\\I/ƜY|wUbc{e>QyKTrOʚm)|5sSeEw2A\'cNZ`3K-d\"S\\Vild`kIGCBk7_<Œ\'(#w޺<o;,v^0Eo]n^oI\'Jb$@H<U˳D=fkv]!`TFZy3=sx+iٚ?s#(.TeH;7e!TA>vL\Z@223A0|aPum<@T0L{TR(AdRkC`+]\'D,g%_d(O>&E*zUlU&3<_jW--3W\'\r\nܨvq|9<>Tf3H$P}v0p/W%V<Aٌ%Wc23ƀ{,(濋Yo\'ʳ7^f_\"moe>;b(7ZVał)G/.P:%e׶:?85;y<\'7icԷ*SPЕh R0yqMTf޼-2\r#rr\'\'\nyA#:{&\r*ںyNe!.#?̘q򿔷cN)%e>޻|ދw;ux9z-PކrVr!CXɡܓ#LrzꦙIu)϶ww$kAmv=\\(吂FOYrdq\'ϾKQF\\luh4޾*6{c	td_&Op)3-PA`\n	t[3=lCM0J;qɳןZu@(Ѥ+D~i` M;fQI50=ipYZk2zGtSX-`밙Q+\'msEA]ΰBHGʊ25a_`4sԁ+:_]\0»6HNaHckV4:H7v\n\r0pmm)Hp9;4D3Si!si]	k9d+`G<ٿꖑ&@/k$s%L(xYqxHxt{1gL6s+u^U%r;)/X[	äStc߱`N/UOl@y6SPuYv1k82^ypsNsgJS^vFnqG\ZoMe$\"dR.||Nd76/+l~]Nk;[J2ywW^}_1{t@yE	g7z&\"c>4hU}!|5Bz	wߥ6اYe\\NӀ	=ۡc➠۠AqUpjGTwyqCx^˞q%+Kz[zz-P^Ic벻##`ՙQv\0Cj ]yWGk?똇p!Ď l޵ypeDsZJyJbFڼDO*X9ߝ)$߮=Lsfy5cO:xy.Q?f2anAL٬!U(J:ڠ>pѱ#<q^¢6C͇ɘ}¢>^((W\\L=U7AzqUh8܌*SI2LcImSZ@U5IoP{$\'c1tl{jx2ȪCj*Yw\0zf\"\n\"*ϴ^|}@x&#vstdPEzʃ#ߝ.I׳o:KB_2+yceX5/c~PVҩą\\+ELd33\rDʺܑqwz	oA)5EWuli6.@*W\'9ҏnƴο9YݻbH)7zl^A49WuTj;\rV<	;ʷt;:R8~%?)W\r1q#ps_Gq>DkÓe\'Vaݐ1L>d-v;ON=zɬv^	xwp*R^aV޳!V7coGHfZzR!A\rpJU^Ad\Z\"mZN*#ƛͬ7ָ \\\'\']ܳqv~\rY,8:N*a$ʕ?VZ0Du؍9ak7^6RhRP-,)rH_ȥCjNx[N7<48=ǽ\'ld;hwVbJ%FnRZ:w-WqrX@.cn.p+fN`|!N[Ȩ#Ck;ɍEkh_Q3R۹EUL0Jprh𔹓0㖭{H-B{\'am`@|^n@\n<b6\"b0$Y/NoDO/%\'	eт%bCCd&)CmG=D@=vhA$}74,Pz\'ۉNpJ|\09m%]pNX[;p}.צtD<yaaK_ K6k+kŌ5\'Gl\r;\']J!ls?w\'+S-ʵDˇ~/,NF?֟鯭hRDN^^/9%x9	\'U\\awoYٳEUml]]d9zD\"y-i^؏xVyXݙѬqE=Xy3O)sh詃>%j	jTWܫOaA[	>GP!gQ?\rtGT㬻Έ2Lǉ5\'Yvhfiy\\YAye̐B~RuExlb\ZӮ\\ܯձ@jBы~+e|t2ӌy;^oN	9P_p%jz,xr}ϭ\'/W<T_lE&<Ƃ8%ȀRɎfa>dv8kBĉ4l\nL.;GqYӲqHh%{0!,zOHFޣOOy,@W~]>BUr:	\\ZiiZzZD>UMmB\'wGZNSF2Ȗ)6p܍.{nɓ4ۯ	aڜ0s۸EnC8Y҂O9HW\\<L\05wcr=͏5L|֩jiwEt6Oj\'Vؠi].ڶlڸN93f 3&=Ύ!W9\n<zػ#o{.U{PpNZ÷zH>3Þ)oZfJ5#\r/q;|%82bq̈=hػh3\"T\'<;.Fxg33o6\n>d>}9D˝ֱ)Z3xiڽb\Z,XMGYVzxn{*3:*\rA͖\ZW~cx{)\'DSC!ܬ!i \Z\\>~փMPM-4]Vd7=\nE#Wvaw\nP[HBtF(5=	MFhFF(j+}5)F1;~uZW_Jl?_6k(Fr;l5t\nB\\xӑd\0]:aW%͉s܋\ZC@SM,	\"#/v x5\Z	x!oQ3ޯlJHqjgɅٞ7OS5Wd2z 1QpnIhb W!]cގՂ%RK(MF\\ϵXrA>cS\nê@{s<緝JyƲ7)ޮas	0詄}? \\N^Rg%ᕬo7(6<{._\r(oݽ}[g7}!woѶws:zxP\r5.\n;9vWHbLROՠ(PEgd:ψuM&+{i?<9-b,Ye2f[**{3zpwJ<Xߕ+s}.s?9gBhQI`̈W&0o6*a\\G}#D/kH`(HܿYR-?G#jrcIRy\nG5V+Jn\ZѶ LP^\"{`>pE)BIVr{*~ӧe33f8Ib=IcS=+I]E7Zp*,C6ݗF?7i)du\n]%:\'#v9{;p6ѐA4UfRC2\\{x~Yk2Zm\r.3JqM8Զhb]eu0O5Ihlc!KTbs$׈,e]6\"]t^~p:bSGhTB\rr61q´[@T`+ T%u$5Qm.(^`fȔ\n8Cs2ՖH-*XP=\0Hַ]P<Mujv~\']MCǯh6)%f\'u>0\":D-!5d0ohb4aO	h˨[϶Ed|h׾+l1?%|T\r+N;S Oa ߊ]Ʋ\rsU䯥 sɫ7؅R	=tB8OY?ZKK+D˜A	f\rsZ]\'SZm76j쏆rܿ0>7$A}f{^;k4)P4{2}\0wG/tr<ǼQ1_$\"_DA68#DÌB^~/Ť%5*S̭iO|-+{+(bͿ5$Q9Kn7XS6ۮ(^vFA\0JVd]ʵp3qIb^l·Vdx3{ِK=u\'d!v󙧭dH+`%Ds6iN}2*ywK\'x-\'~١IRɎ\'jq>_Ey8W9-@O\r0_AHN!+U9AU&\"ܖ\rUHݘ=gǆ߇pze+lAtAÈj8ç-d,ZqmX\nZv&\0Am-,)[őc̸E\nuO$q^DΞT.;:C9Y\'NЛMbDt3@*ht5w1yiG~qԓ\\xbr˹RBٮ%V|HZ-({μҠAU&BI;}ei_(im_)ٯ:ţ\Zγ*J{ @iYa6lW:6w9ὓkμ¨FCFin%.Lh`~{~Un\nTb>%>eoO\r\"#s!B*>d[%ҙ3\"-\\ۻ2u}&Ί,@elrP1rXp29޵9j9,Ask\"$rRO/}5J(1\rf:]o\Z(xէtX_r*_g2{k4يӂf:\"t@hśJ=,u%N9̢ZMjc*c(/W?eCʴ֬	si(%O1Z%K\rEN^S?ٛds<t[<E/b\n5듿[/繞9g_?RdDܢ	ChmiA\"TL6m{	.v:֡\\αR5 ӟNTQA.Ax+|V;_ɖ\rf:~)aV}\'.9YIԔ\0*eXνvI漱G/:\nx\"e:%cހiaϬ.B\\Yɶ,Qo+m{W=~UB!Msq`wͬWv\n~/Tq2{xCZO@rzgza0#%_z^!t\nͶH5k=Ս7S\"\0\n3[q5|;=d͚rZNB6g\'P\n7B5qi	t[j2L5o˖/c)x3{Y3.W>\r[j%ꭴ+ŚTR>/k$7 c`_>\\Dr$IZL}{=o,:irW^@RtI^ҼP Ϥ 2ߣsHjgGtxT8a5s6~UM7qUr5;cXonIj ::ɒ[}sE2nv]L>_Zy0եJQ(<-TRZf\"g!>߾}]ᙒ3G٠GU<Tgސ-ް1Uvc\0%>Ok9Of5GB3;0j})@CV[,T7ý\'=B<IԥDb/qC9N![xF!깅M3qk{ʍbbX\0?w6uШأb.%\r\"|#m?8=T(Je+c sM`߷2\Zc9Fŭ{.6L27iy~UFڌ[@x;Ft}+8@=|OB88~N\',p-ܱ0V3S-7GݳՀv>oڃ8\'\"0GIA~ōَ/`zڕyP,\\M\nm{V\'&P!.[s߸tIUbfEoDleN/NIȀ&E~T}/xUudN	Yuh|dOj-\'7[s{Zr)$qYm)jv3hY7=_[NϿö\\k>}+\Zo| RsrJa/-EKܧ[\\?c:m;thS+l8	|bU*0^DM&.AΜ˞Z${vnXR*u+pfl#k<Q\r[אIvʲ s!z USt;k20jrqrԻ\\ɕΈm}8GWrM駷5\"*GO^	9qZLF(S66;E	c΁t#jg/c;o\\=75hU(vṁNl_{1iy`՘O]v6`$*1{ɵ	+c)m`&B#.;Z_S\n5Ȣ]^gZ3usot(|.|(VҊS]pCZ4)&ފJYPⴓn\'\r:f	ߜ}U3p/nX\">i5ƈFV\">trS4a9QP|^91ܩ?M>.t7$pƜ[lVg>c^/C/!3+-XH=o0{K:HcVkAS|yekJTyVj=g1fL5(Iix?쏜T#}7a{CW!7>eͰ8~q\r&\nXiKn\'%G?y\Zrc-yV1I+#K3=7\n虂S7\'=g(pVX,SpWM;C!;\"N(\nX<NWt\n\"煦Z+S&^нKEdJKO4ޚ,-er\Z6kѢE\rj\ZU0Xd\">sjV\\hW\'(|ǞXivN(sXa]lFQ]b%o12E\rv?)p2۶$$3N=x,5L?*7_Coy?ڵ½riYͲ\'tŏ{j|j#᦭wd܊wdAA~!=DU;vf;\Z;:FK.Bl|Ζ~QՔ._K:{Wyf|16W7:m~ԛnq-%i6i0n9h76(N&mu3J:&m鳤h@Gr㦣x͒ҁB5ͮH3Q2|7[\'&Y<rE.x3iX|WrhT\Zt\0=QbjÉ} L«p3S9,lOuTt0cз\r2?N|EK9%F\\ٔA/uwznػD(q5-vƽZ?R~Q=gBN&oN\"~	/B[*Bz(pJy]DPܚ@7ҝ$e#9%86lQ)Bo?rp@ؑ:ga_ӫ߼0`NEUcKi%m#ٰ.X$=.8B:;#&@=?ȎR*@?)\ZNbgMW\"<駒Aӥŧf\"n6ۃ-}2	;D-͞c ` fԖZȲQ>~_Ķ	\\@\n7!kO$J6`-:{\\}UǼy4NWB}	ZIbMY5wg|Eԃd\"vlw&3vGt~HCen0A3bhIw@( oJ`Ÿq4%n,7ua\r~q EP{KeڞpI\ZKHتqx0 [_ոULN\n%I;d3rqQ;Kj8~ٟJ\"\\C\'Ђ+z-k@~xwM=eLτ8c\'|½x+ՠ~{Ƃˇyj/;j1б7l\\VAIӂpjD@Rt)ǴknJ`>4{LԼ=al52%8CQRIi]OEVjAM*bEl)Ft\"PX	Ydezct|9\Z6դJ[ }; ^t_pUcrK\"Uw[e1 $6qn%+c?odEL{?[<g\0	(GS8\\z-+xvR<\n<\\moGv9	&H$6{>, ǽ^	`eZ0Zʝ`+ 5-+Dmr\Z5*㺠m}>zA	1٭=J|<=b?Shr0R?T1Rqw򇡀67#\\q%3y3^vXj o@ңFsrXAkK> DJG\\0D1ޕ_\'Zo9\Zh狍Bf=FŮ0~uA^ֿ	Fq=\"3Ga=96K;ÑFl6K-u@n\"Iɶ$Vl/n4(\\h*_oJpsSRh m.C18_˺\"*ҧ8Sn[/,Oҟ^Ow[A	b򳫂;3CP\0]a4^oԅ5n	=^g\"3rO60Cq?TaM!lEf/s03R{|kcb4c\'V[`I{ݎ>-6*5t&Ch3{<cTΞ卸:\\;}	F\nF!J;)w3J(%*-$7Px\"ԹNʏ{.x7\rvEf}%WL!;faeTw\\ci][_X4Aq)3]޳aaT~xy@AVi=pdD]Ph*pU5:twZT2wf\Z?Xu\ZD̗FAq\\\0~!^ca< h4$p=TF9h\\.v2&zd ]n$\n{V^%C.~FZ]\0rGu&ȓ=SDFdԋy%UfK.Bjncpu㻼U$0   PJ\r{6]{@ -0*e\\g}6[\n@Wt(G2ZHBtӝR(\\}_:@- *+`DNz8]RHn1\0Dɶ׷[:E2^ni-`}j\0o,إIqqRCn)\0[a`O{`SPK\'5y		-)pK15>Ћ9D:\r\0Dz>tZn)\0@N>UP (H!\0ETFhB(U:oGgA\r0{3t)B7\0!tJvv)xsa`\r	v?CǰѢx\nE(.\Z9 @֧6\0RB6!A[h}Yv Rni\0&(_f+_T(pq*8PP<[\n@\Z`3GyPhAOa^$-C!En)h)ȥ.8=WeRy\0\'rK8BT[-\ZC@$%4!$e\Z\\+k\0H!	{20V5TR!Gk(3^uTy r;N`@,*̈́A\\*a<,h(o/	\rߍbt)RPsUP\0\0\0\0\0\0\0\0\0\0\0\0\0\0\0\0\0\0\0\0\0\0\0\0\0\0\0\0\0\0\0\0\0\0\0\0\0\0\0\0\0\0\0\0\0\0\0\0\0\0\0\0\0\0\0\0\0\0\0\0\0\0\0\0\0\0\0\0\0\0\0\0\0\0\0\0\0\0\0\0\0\0\0\0\0\0\0\0\0\0\0\0\0\0\0\0\0\0\0\0\0\0\0\0\0\0\0\0\0\0\0\0\0\0\0\0\0\0\0\0\0\0\0\0\0\0\0\0\0\0\0\0\0\0\0\0\0\0\0\0\0\0\0\0\0\0\0\0\0\0\0\0\0\0\0\0\0\0\0\0\0\0\0\0\0\0\0\0\0\0\0\0\0\0\0\0\0\0\0\0\0\0\0\0\0\0\0\0\0\0\0\0\0\0\0\0\0\0\0\0\0\0\0\0\0\0\0\0\0\0\0\0\0?pgz\nendstream\nendobj\n9 0 obj\n13631\nendobj\n10 0 obj\n<<\n/Type /XObject\n/Subtype /Image\n/Width 774\n/Height 416\n/BitsPerComponent 8\n/ColorSpace /DeviceRGB\n/SMask 8 0 R\n/Length 11 0 R\n/Filter /DCTDecode\n>>\nstream\n\0JFIF\0\0K\0K\0\0\0C\0		\n\n\r\n\n	\r\0C\0\"\0\0\0\0\0\0\0\0\0\0\0\0	\n\0\0\0\0}\0!1AQa\"q2#BR$3br	\n\Z%&\'()*456789:CDEFGHIJSTUVWXYZcdefghijstuvwxyz\0\0\0\0\0\0\0\0	\n\0\0\0w\0!1AQaq\"2B	#3Rbr\n$4%\Z&\'()*56789:CDEFGHIJSTUVWXYZcdefghijstuvwxyz\0\0\0?\0袊\0(\0(\0(\0(\0(\0(\0(\0(\0(\0(\0(\0(\0(\0(\0(\0(\0(\0(\0(\0(\0(\0(\0(\0(\0(\0(\0(\0(\0(\0(\0(\0(\0(\0(\0(\0(\0(\0(\0(\0(\0(\0(\0(\0(\0(\0(\0(\0(\0(\0(\0(\0(\0(\0(\0(\0(\0(\0(\0(\0(\0(\0(\0(\0(\0(\0(\0(\0(\0(\0(\0(\0(\0(\0(\0(\0(\0(\0(\0(\0(\0(\0(\0(\0(\0(\0(\0(\0(\0(\0(\0(\0(\0(\0(\0(\0(\0(\0(\0(\0(\0(\0(\0(\0(\0(\0(\0(\0(\0(\0(\0(\0(\0(\0(\0(\0(\0(\0(\0(\0(\0(\0(\0(\0(\0(\0(\0(\0(\0(\0(\0(\0(\0(\0(\0(\0(\0(\0(\0(\0(\0(\0(\0(\0(\0(\0(\0(\0(\0(\0(\0(\0(\0(\0(\0(\0(\0(\0(\0(\0(\0(\0(\0(\0(\0(\0(\0(\0(\0(\0(\0(\0(\0(\0(\0(\0(\0(\0(\0(\0(\0(\0(\0(\0(\0(\0(xS|pDGڼs\0NzkV6:}&47m4_e!vU \0.Il`YgJQ|v&xgWѯ<?giscw\\DH\0\0GƫW(+40)\0QE\0QE\0QE\0QE\0QE\0QE\0QE\0QE\0QE\0QE\0QE\0QE\0QE\0QE\0QE\0QE\0QE\0QE\0QE\0QE\0QE\0QE\0QE\0QE\0QE\0QE\0QE\0QE\0QE\0QE\0QE\0QE\0QE\0QE\0QE\0QE\0QE\0QE\0QE\0QE\0QE\0QE\0QE\0QE\0QE\0QEue|\r)D xCF\\1:b14J<Jewk%=o|X:ΤwۗFZ@8r@R$|aEx!\rsUҭ6oU?w1Pq&/:n\"R.VlˏzHv*Jl\0Ie*\Z_j}Dkng̹Wپ4xU$cH\nKcMq|L]nJm=iojʖ;قf I;y&}WS:|;t-lQEq(\0(\0(\0(\0(\0(\0(\0(\0(\0(\0(\0(\0(\0(\0(\0(\0(\0(\0(\0(\0(\0(\0(\0(\0(\0(\0(\0(\0(\0(\0(\0(\0(\0(隽Α-撚3&/du݆ݜ2qfl&W-~&Z\r>:NNho&Y&WR!bRhm+	RpC\'\0fKVq^l7MeuJ;	rAUC#oOUWkp>C\ZEFh\rJxlNBoTO{Zu޽1|SFcudFAj\nګL/ش#GmY6\nl\'\nEK*))rgEQ^ (((((((([)&gjYbp$_oxsvbH0/\r[nf#w<XYΌ-k݄޶<})\0[KCpd4H8f\'iB8$\Z^3/kӽ3-a$PepGVM\Z[PY(%]nҷR*ߗvgEWhQE\0QE\0QE\0QE\0QE\0QE\0QE\0QE\0QE\0QE\0QE\0QW=\0jiֲ@\nW$e3\'h(^	.\"\0\\v,f/$:W[F{Ki~V4wW5癑`cI?Uv?9.T7[zޣ*I4q(*JDVS<f7_5]2<Z>P׵m>呝Fg2=k_W5{|OI, \0pKucxRkFK?;k漉MO$F\r$PyN8\0w\0dO^5M{_<R(lr&#\\Ǻ0dO-NЬ\Zm-!vi{<>]2q\07\'j.[^|ع\'i?z(\\AEPEPEPEPEPEPEPEPEPEPEPEPEPEPEPEPEPEO>ԌV0ܜFln9 8kJTVj5v|<7exZ\\bmmjʠ2!rq3/!\\x{SՔ\"[®	A\'$\\+Dȶbi퉧gmĳ0x\0`Vg_[M2T2U!.X\0\0s_!l&M{Drv}zmHzw6W\\մ鰙fKmI$\0\0\"vik0tXJq\0LV[,rTA*W5X\'Bez^AZY&Nrpvn¨<~m#+Ut25)>vW-ڝ73Kqqp,WcO$I$/mvjQE \n(\n(\n(\n(\n(\n(\n(\n(=i\0g)jctʭ9|#d?wևA_3RKkc%eU|~6rGKH哿b~$#\0@7eS$ncRX$ʠ(~˸C4,Dmc)Mzf3M5:[TCnE\\[2&!e<Ί_2Jp(\"((((((((((|==GSv>Ͼ	|1UVH8?\'gW_laepF:g6.W:FnHjyeĮ9gh\"!\nB\"(~Z3xWL}PQ#y+2{K@0-#|_y,`p	嘓X\Zo/x2;O\\ċ-,w68ywvXIFy\n|7~о6x[uv;a4D\nrKaTr9\n0Y]5)_6Ki4//_,ּ=Asxa\\iԭo(QW&,r3ESX7/3{\n?|HnI(m-Z6QI$Bϓ@h_9trFJ:[oJJW㇋?h\rw:޻nI6KhTE\Z\0vڊgvbyJ(INNswomSc獮\Z\0BVPԭR$2,*\0+K¿Q,n\ZY+Z$ ]Xh3ҿ;\0x\"\0ᗃm-֟C6;Ihe\'H _};שN\r>.ō^KX#!lrʣG\nAr5cXծ5ZO:gi6Ř`zqUaVSVm7\n(QE\0QE\0QE\0QE\0QE\0QE\0QE\0QE\0QE\0QE\0QE\0QE\0QE\0V=[:d׶\Zy$H{rP3c9(7(Q¾s\\XEhvt\\~`W\ZF/ n\0!skO^ռc;GחF\"bBn,@\ZE/x߅\0EķA^Qثu=Etz,O4\0|]#V9;T.Op={~6\"i//vT<ރ6N-\"8Qws\\(fܯ`r9ʀӌsv6}\"Wxn<IHN[,:Xׂ#[ϣXl5%o5[ \0j0Ɨ`04ׂFm6ˢ/9#˫\03\r3\ZbjS!m>N~\0Bד^\"-XZyH- (!ba݌`*9#W\06e\r-9ܫ	;F\n8mF[dw2I,YbrX$IdZ~\Zm/Zd|#.6zгèYʓE9\nːpA5<P<xӷ̷tۋsg`:^B\"o\rikGeOkZK\ZIm*\Z(>ih#n\0󞂿_q/c+Pf]uｵ%5s(	\n(\n(\n(\n(\n(\n(\n(\n(\n(\n(mE;f\0vFH]nPpx8&PuBwKvck4}|y0G3޾W67Gj\\jW2]JYر\n	\'<d6K_vE\'ē38`k\Zbe9rm\0rTQZ^liVz4az8$1YۦN[/(QE\0QE\0QE\0QE\0QE\0QE\0QE\0QE\0QE\0TsR1$nI@9*v=>WC\rZoΉ[_W˒R8ELF\0I5)-kvo~IDl\\O%V퉫i\rx&O\"Y\\Xt|3q*\0X1pY>\Z-\r4,\ZL,lmiqB/67\'u+g[ut[-tF<Ii\Z,\"m9gy}Xj2QFI]%wh䠢(\0(\0^2<;<ז~_f֖Mo4At듀z>=H\"SDK0iA)1Sk{^\rc\"|)פnO^7ňU:.<1M\"m2\\(i&F4VGRo\'RW*~`rpI\'\0[d\'*^}7ih+W}EQ@Q@Q@Q@Q@Q@Q@Q@Q@Q@Q@ཎkgs)QDZZ[I`p\rΎ6\rfɥpt#YO:}rI^}Y̐<fR+bDXV\0I\'Ԛo4~1Oj-%oOU\"w)Dk8Q9|ц\\drI>o:ߋ4G>7mk#ؗ.go[euV]Fݒ N70Gfp	㡯_j+X5=?QѣMpD#uN8~$|T4R\'b@ԣ^4{؎.iV9G7~ݷڼN/UJ6ܰΉ#]Z</yr,nE,q>\\,)MrrA#c\'4m\'xCW4ODdE6|:r0:_\Z9\",س1*>q\0-YrcO\'$\nXQ+W_OĴ> [|9$v>+<5qhE}uRy\n&o~zGk/	j1uyr61+rpzdF]ku{sqyu.7<I\09\'\07U%w|5{_\r*M)l2e=8y-cĚ|$\'i|qʩQ_=b+\0\Zm%QEr(\0oyTQ\"l	\0x\"\\YV4y`y̱`5b8)Mcrz5{h\n38)ڱ.U\0\0=\0^k<\'GN{)\\I#3@1RxX>#]R+\\RǖEaEPEPEPEPEPEPEPEPEP^xoO/Ŷ&Z[oP=3#akë.`ĺ[gw޸dz}c9Jտ6LKUUm.^/.&/,7|)$d|^\\L<nF4ӛ˩aBd$8mrWҿ﨡b.&\'Xɴ;y$^Ec\"\'\0}VEIm\ZƭU+M#N!Heハ:0/(SͪV饷8˛P+(\0(\0(\0(\0(\0(\0(\0(\0(\0z/u-B汝.#W20`8ETpthU2m?R	*yt!t#=U8$s\\?kAd>#E!/m-R~Hx`Y1K =H=OL_-u=6ZYb4|FI*95P<*/gxcEGmEWdd.d!Rd,dbauե\'{_u~DGm;zy/EW%Q@}=\Z	~0	-X\\>R5/bd_c*&X+yd ~>8\"O6R:Y墟7		\nVI94;^㬟E׵U<aLD[q\"UxH.\0+8C%Sk\ZQr^Vٶw_}F{+Bmw6a&bZnxo-\08T5?x[=1(\0T\03$˯γ/V:EioQE(\0(\0(\0(\0(\0(\0(\0(\0(\0(\0(\0(\0(\0(\0(\0(\0(\0(\0ĚF|:ӭda3<I~1x{:Rs\Z(\nyP͹p~n@9h&,&U4`XtrZpx: _}y.xjymX8-$otW݌)G0+M((((s뚭~m)݈U<:[ZIozBUbGLa9c)k$ݛv>\\nfw+U&pIH:f21u+f5le~mqpv_n>\'\'>}a4hd#iV%$FHc\'`urJ|e$7sh?\'YwZ`,\"7Vn7m,dgֳ+ɯBU%j|IQY\0QE\0W\0\'i\0	mDdrjגĈJj $:$c9Rz޾KF6\\Ylͻ>T+Aר 5Or51QI=[ԙ	d:e(\0d$/О7c|8T<ohLL<7cPY«dg5/ŝIu&Ln\\z4zc5mjXs\nؑF00İe*Y{,K\\\'\'mꚵ֗ɜRK\rq<[mHmƑm`t+k |LկMF.mUG\"%U6IyZ<Ξ?:bE)Ew+ +\r((((((((((1s5Q]4gl$aag#M6#I	Xو	 F$)~\Z⿉P>]ZhFQ-ٰs4VF9;W㧄.u?0,)X	Rr}4?\Z?gG\0Z_n{e7rHIk5?uѣȽs[V̚Uֺ5gk_?zEEW};_h\r$tEqkݘa e`VR$w4;WbJ%|O͓t+Đ~Fcl$I$RY6u?\'kW_?}7OuX6Ƃ8Fp\0z*>&gR+VoWA[c(|g<}ZXY;᷅ElmOv,s$C$v,I$,|U;OAcbJZW9\n$8U>&Q{qDnjrJ\Z(8U3\\tOF9~J0s4Keg:KQEAEPEPEPEPEPEPEPEPEPEPEPEPEPEPEPEPEPEP^6hZ|*]^	A--&(e1r	꿲&m|CR訊=8IȺ\0p!<\ZZ~_si\0jO:6\ZH<,{]AomE|\0_a~\\4٢Qd,ĶH$v[~ow{;nvV[QE~h0(\0(\0(\0(WKBҵ>ؑe+IM۰N+UoQxﭵ-&gI?r̎dv}k_:\0e-4k_Jҷ7	li:99YغUN1r6[_B&f|dn\n|.@bD3A#Mφ5vխI}wiF0px8J+|Xmtwkhr{g_t??ﴽk!G%)Un.Wq\0A?/xm;⦥i;*[io\ZY\0kпeQlB[5V\'k*A;yEga&\0> \0XepBcEPU3_\08pK$7dIZIvmv _XǢ+`(\0\'4~\Z$:zNovM\"Ʋ+F cs#M|_h|t?$$)j̓\"|²mMmLf/	J}<;Ŵ񶧩MjWwqu+M+*HU\0O@\0_hig:i<*%̪{FrQd60@W6w7\'zKbpvAUS\n\0#c8#Y_HYG%Ԭ%ͷt!#V$9M9aV>kmS{/M3i?y$xQ_ jQE\0QE\0QE\0QE\0QE\0QE\0QE\0QE\0QE\0QE\0gFg{KT.ofH!LsQZ/ik6ū9Ϡ\rogZͥVKL6-]^ȋexwT*sbHPe3/]y9ۃ?~~-\0#gP\\]뺫}\Z\ZDrhԬy:|\\ڷ#ßڞ\"sPfTU]T[)tg$>[;;~#^I.\'n\0G#?j|3$6z%\09(\nF9ڍ\"Ώ2zoؗJ-N/<=a{0G׮d$#clZOl&pl|Mu_j6}l	$UavN\\V1Z_w-[\"ǿ:U{ysxS\"arEWh\n@(Pgd>Eɽ!v\'\0fx3O>074,E{5-\rcp SLɵGK5QD+V+i\0gv*Ty$ʹwaR8}&K\0wG}[DyO>!m&bE.	c `֍ixVΣl33_KGό<}⵳UH`q<\n_\0:<}&m2WzpuU$VW4\02R\">96!8\0_\0uhW~.,/{kW$m0AA Mz^O	<;s\\կ/`d*K	i|\0dg[9\\Q_CY)mKgzyeIxuYB(\08$\Zë$༈n.IFxn[l!/)F]Wa&rQExQ@Q@Q@Q@Q@Q@Q@Q@Q@Q@Q@Q@Q@Q@Q@Q@z쳤\' 5EXJpRd~:8H[`J 3g\'[>m%2]{&Һ:ڒ׀R\'frN\Zs^+^e]ZxAҤ;m,q[G v^Dh?>r?+Fbe_tb≦Q_\ZXQE\0QE\0QE\0QE\0WӞZkVzFiTqԇ\nw܌q_1רΞ+o&56	6(qKc$2ĠF>`q,.g\n;u=zL\'G}YRpdH?\\ 21>/sw:×;x< k8<uJ\Zw=C׉H-Nt8/4}mc(H=}<.o,渞[{0B\0c䜜u5sc1\ntB6[z^J[lQEp\0QE\0Wվ3?xo.5ɀ-`6܋\r|^/O:$zv5>|hA+S0t]h8޷Vˈr?HKn+[IZ)gTy&gF\0z8r_SĉZķVIo$aDc\0@?ͣkaobMwcڦ(^Z\0۠1OP\0ZS)9s%k-9?%b(p(\0R?gvRz~\"nl1g 9>[_@ki{/G!mgZ=JkVP\"w!ÅeKK|P_20zdm˭o	u?r1^RL`P9f\nilvJ?cla4Iera2cgCm5kVrI:ʳG̜(3z+xj\n1r:$n|Zh쯪z=uk9Z(0(\0(\0(\0(\0(\0(\0EV:Gzޥy?v<0qU>?NC`|\nud9Gn]	KJ1ߙ~`};|!mCU7?!*hO.[{W%<ri`?iMGPڤzmtu.Wo\rRʰػ3#D\Z2zZ7SI=˶<%\0Ju_j)o>c[MDXe%{&OMcp1h:l.PjIkK]ںxO/-uMP_I[+$ܬq4\nN\0&߇>/<[\\h. .弊K&[PsP>Yc\'ϛźmM֟7POosprch\rQpFϼGʎ#nM]{T5Y\0WkF}>еڦxX΍*%	k+{YfJhЯpΫ=q_ࣿ>:^~[]k\0躥Vp9wA*+Ny$nI?$\ZE;\'N%)GG^$7\'/rVe?6o{9?n_Bc?6(|W~TmKoۇ⟀//-U&>l-uMǴ2N<1|m?V#k?\0^>	[KKJ5naDDB4[wULadZg\n[Z}vgxug@RUёk{?oB-Bayƶ!v!d]KBɸm}umZmmko%ckYz3xEI7*F\0,ewC5\rxKׅ.tXmMΝjrYr2I	Ct\'Q\0u׋RuacPT~w\0>PШ⼦:TiTirmyjVT_C+₊(((((((((((((((K?|Ysa_kCq-¥19N6`C/\"<>5+{!^,i  =k8/.̢= kfVT/f><rL֍cW!gӍŻ^_^NjXF	>|RR3zy\nIQ^AEPEPEPEP[w/OXkpteE!*$GFGC888=\r\nR5;J-45fмMo}rQ:Ŀ:EܪC8CD?0~^Tdfo!JӚ]vw$ڬUWa)O@~]|LxK4{b@Cev:~Ӵ{sjvyT\"I$٭ot\\֊ɫls24>+7$|pjCJ2y=T1zW`ʷ0PĎP1#Lj&Uѵd@Tݥ,|qqC1oNCsu<*z޽G&^/kYk\Z+s_¾>լ!A7m>B4|䟸ן^k a燭:>(ve\'p+\0\n|gtDPZFmU\0,|_Z[\\H\\E	;Tr~ӿ?u/.k;%9|ojbp`y8>G qbNdﴭV۷Gn<ETߵO;;d-im;<B%@\"+?l}\ZDm[iFD8UP=GN3:Э.i)Z\0ܬ6V\n(C@(\0.<7Muop\"7Hv~GCܰ7/ZU:r䨬\0U	;k=\0\'hInbd;@r𵿊\0/y~T2A((=_;W|\Zzo|)^X[o$-9!#0/z=Uײj_AJ)p5}|Sy__jp>p@ee><r+.k[QzF:Z̆U1/3eӌגgjgB?\'ݳEEW (\0(\0(\0(\0(\0\0c.> IȓE3v\n#yG^+hŸ%ktaϘ[\0[»O>KN-W+^o|r|}> =Z5-+{[M,iXF̪r$y7}DYivi##ns^/\0>K4XYZANokjvd\nHlr7??xOB%_\0vI:TQE~XQE\0QE\0QE\0QE-? )/4/dM>a]\\boJ/BuchY7	a|q^|9?gZ}SQZZ܀!&|J7ߍnko\Z4;?mskj# aʏ\"oDjS^g~~6%il\0\n(B(((((((((((((((5{;k7:=iDX8]^i^kKWK(Q{H\0I {j_Y\'~I&G_\Z{}OY^G}aFªl>a!x$b:(g*M+(]*UcSLfNs6~\\@`17=K9rP#g.9$88$M-ԏ\Z)u\0?BΣp\r#R̩zjWM+VNaSG.Z3Dsؒ;o,r22<\0Myh!0.\"tC˰y_<[x/T[*\rl	!8J9ơs++neAcpӜch.1s(rNnzv%sl\0bjzԎBIi4d矝s9nVZ-uaix\'\'R?JҾ#sV㻚M_DYMPeP\'#n}=oJRn!϶LX#*TO\'\04`h_6\\&UПAZM42<&89-ᏄZ|M6yo#)Τr`	(H,:sko\rMq[\\E3HFz#<qs:?w-jEw6F\n.bw_ЩN\Z\ZN*o˚;\\Oi޷gxWku(V\\	Pc\n	\0^\'#EuRF`T*G)r;s`j\ZƭvO5\0i%r\0\0\r~m\\US2~ʔ9)\'toikF)luofYKӮnIDY%)by3޼yvmkI1<w}tȰ4H~܄q23^B3:t3Mz\nh\0h\r\"\r?U&S&N\'I8JڮKh|sXtKh.^P=\"=q^c_+sTi/7AV-\nĺ=l4x\0O\0N\0xN}/Voe,CFF`pŢ9	####f8B:Ek\'__adaW?VZkYlk4Dʂ&-)!Ax?jQ&Km\rfUJ$orǂM>&\rYi6dV}㢌moٳ~\"x\rnUZY1|I	*IKIIjgrӨ=GYM}gV1S4_Zu\'6\"YJ,P	Z/+IC*1g<kpsZV|MW +\rO\0c㣧LY[=Fe(\n	aF1>rE!MZ\0hm!cp\nkY^=g髷re{hy|W}9mN}*6D(f*>\0*\']K{s$HM3GbNI$I=qRםy\'i$(Q|KAjKqG\\b}<X0?x!$|~\Z9>)-#Miy!dV*3ywQ\rj:VDkYEcD˒FX8*kާ̳E	P)ݺWOWۑWh\0	oGw7qi\"7r3z6{|-3Hԏ(W^3<,yA/^͞]Ev>8!.+A{Y29w0U>Ym#<q3(>Y2\ZQE\n(\n(\n(\nfK!ӤF:G9fPp$U;ȧꢸ\Z>\nj9-`\'hl#q=UgG5ӂ\"]&}\'V43\\Fcx_o6^/wos\r47m$(2N从\\a,\\0CxczٚpqbB+GU-<Amb=Yno$FȠٟs|Iƿ⾞]O-+@(\0(\0(\0Z}nL,KQ-m--bi*F;1\0(@VB?`\0N||YZ/OYJd{x|ѨM`\Z1\nۢa#4k\"d.#2Z+6+%w65\0&[-|x{ᮭIqO%f4ќ)V 2JaSBZuA݋ݸ)Uwv~/-SWF3MOQ?W$׃#-jee.û%w=nZ޷j\'qWw\n(+4\n(\n(\n(7<\0Ƿ\"~e+\rq\00\0x$gk4.,([M靲̹\0#d<\Z\0[Ex5(|\'8!>afk\'֧(g T\0\0P=\0\0~5yo/kk\0*(QE\0QE\0QE\0QE\0QE\0QE\0QE\0QE\0QE\0QE\0l</̌`O:_$?^x#j1 sq©cx^k)T-`\n	g\"IvyDx}4,W)\r̛Vc)zyO9m\Zxl*=6vg[,tGFuΞfDo-c~7xNpLni$V}\0$p*>f78fmZ4QGۣw\0\rӶ\0qq>U/)J.oXg)(}!cPYv	0_\0ھygq\Zo#e\\g#41EyS(-\0\'\\rLzy]Vy.$$h2N$@\0$\0+GW-3CGG.mP*~FсwL_Cgj:_,$K,H\08UTIp1MØuH88OՏ),=F/=x_;O5%-BUo5|\0+Z4\0lie9T̤9շVFq`qm5i{i*4ށEWːQE\0QE\0QE\0\0q6<!Ą]p~w?\'\r~\nMjқh-?,G)U *9߀1,[WV<-/\Z8(+r@#1ϣ¸J}Է2M4M4^I39$$iti\Z~Dj2ͥn(c7^rJ1_:T{IJO˙\0w\Z_IkKA#o)/\0#BepO?.s[%)I緟mDTpz\'#b\05㫋]r6ڭ\"E\\$K9@x8#? 5䕾gX,-9/imu-u\n}9~xWK1Pc8=+\ZUgJqMŦV4}9 :iX\"KH\"8l 2\'\"}>ٵۉtI`T.aA!AwW_ov$$XJ\0p\0pg}IMPI[\\)|&J\0x/Xg[JW_UWt^YJQX\"G˙V(ݴ>*䢷BH}M\Zh^8<CETDG$d+ʯu\0E<ȄD Qe`@ g5	z}߫:ZgI]&%\0n<G\\.Hn~\0>CĖk\ZN6fMs.T|[	ş\Zem\'Q4Xyj她IU1ê$Z>yF;;K빳oK#p	8\00Բ([%oV[K;9ȭ{GQgP$/@>4rcX|ps^h~ɤx(-\ZQG$1y$`\n\0\'b|\\V{[qݙiXb\0Zn/ȶbեI<$2CeDCz=Ԇ:mPYY|y_x\'=Q\'Z$kjI(E)rVBĒ18?~)7qiz[\"$owX(*2H=|׻]\nc97{5+=!8{2vl%l/R\n\rҰ\'N~㾇NlW\"o\'pJA4aW< 5krnn/.e#\02$\0>ד><RrQһEz\r;~~&5pE5`|l>Cɓ&Nxݷ\\Xfn{MmEVkǚ2TG%Xqʰ \"+??i)5ݽ:vWN5q:궚qf1)0ȫ`\09\'yWZ*;MQXQE\0QE\0QE\0Ukrxk6\Z*.q+k20`9ER࿀l>!x[]J{[;kfs<>d@@#FhNUc\ZսAO\0F_U8oN$,3\0enO̠N+*M_kuOƓUΟmvyqʒN8?z.ǌF.Nh)Fqj_ggS]r(r((+\0a\0cPK\\3g^f#>kC0)XVEw1\'FWUQɂ=	ÛO#f~=̞\rI*ϩ_Z%à HHHUBf||\rC-M&yylV%!l(E]\"ĿgӼ8`CeeJ-+BbO[WGL\0e(=@%=O\n#I>5):}4_䊜R2◈\"hlŝH\0YT\0nv%[(\n9(˱8YRwodQXQE\0QE\0QE\0QE\0QE\0QE\0QE\0QE\0QE\0QE\0QE\0QE\0QE\0QE\0QEzۢYj$:59UiXc}QׁOؙ˕6z|9e/F7ɖA\'qLq#Y֮{aye*\n1`r@jnDvjgsPGƟRk:,-ё}f+C\0lF~2GUM5O/E}omNXqޯcgƞ&\rjvox\"oL=uTA \0%\0d^nR@p\n\0}kX\0	ٖ\r#OS\rX!920hv;{;ryZl4BJ6JJVkiVFc$\'/-\"|[zJBũJ/-M,p+>\Z\rg#S^Ĳ!U8  kIt5Ք̥JѱS8zX~7#GQ+Mw=|쎥ZvptEigY{0*Tcx  מx㞥\'&(MjZۅ2NFf,~^O\\v\\jqwq5Ę,]$x\0~\ry#SnכڳaEW@QE\0QE\0QE\0QE?	Ii1ʶ\0lkF\n\0Yڡ31޽o\r]~[E%oyvth\0:~L#$-h̪v4R!i5|J)EgwV~t)ιERByF*\0U˲i_[(۷e7g|-[\rYZݤG.+L;1|WmfӴج^&s2Ǣ\r&mݲ`VO+<K-`-Zl*eYvI ֯IV.Y$I\'u9E2{F<~I잚(ZQE~~hQE\0Vctor+RMgWcͧcout$FgX0$Gu)9~\r62!;wFޫ}(?d]]K{s$HM3GbNI$I=벺tݭZvٓlR\"fWb>ϩ0j[h\ZRCndmFiBJepJ\0	|`Wn!\rۻ}[-w]	N:O\0RKN.E9$.܀|koiᨴ#BDYdyfKXw#snbI^3yA?\Z0I(ٺd\n?\\)Uٗ[noFU\"b@#SU$I?i[xo,^QGZI/r+zh=1Owhc[[dܓԳI$x\0s$8H񿉟85 \'@\r)˓$Pq\\egbk5Oc~Zm3(QE\0QE\0QE\0QE\0QE\0QE\0QE\0WɷQ\'YY[)-(\n6[=Ì5U{:4@G6nۿc{gkURBMv\0|f_MI$Os$䏡¾p<-x3auUN<>Ceyc:tr:2:5s^~}CH]N;>\n2i8~n\rCľul7:.x5yf1E9X~}*U\nytjN]nDݝF\'\0<?\0]Ҿ?Idvb!_9L%]&*떟\r\'?ZL6G{h*BSv0g a;C}O|r[ɡǥɨW:Y[=JMr3/|.;M	׼qC?j6F\Zpv=K,A&JVwNX8տymk2:vߎG|`?h7ZV\Z_ۥzmw}V4qhHe\r	ˑdv?hE>6xgA|7cx&4-g[{3QUB;Jj*V,(`G\\_kY.e\'u_U˄yT*IeZ\'Zj5vƕ̯\'짡~џcK<d5Y#mFf{,*cd$.wGHwu}	ehAVvV[	*8j/ڼvÞGF6V@\0v\01j5<;tx\nݖlB@\nG,~Me|?ε[JI쯮_3yod>9A6i\Z~nf|ê9W.7r|+2c<F&WKFMQE (\0(\0(\0(\0(\0(\0(\0(\0(\0(\0(\0(\0(\0(\0~o^#[KhC57\"z\0܎$lN[o]Xgkb[\\HrQ=^.q5q1rAuoB(tF9;m#(\r|2k՝Orΐ#HHE,A8p\r}oOV﫽ش]\ZŒ+reE9fbNr͹\0\0/2\"a\0?х{\0f7խŝ[%M 9s߰C񍎜\Zntf*.\\G]C\0cG1T#5|\\hKmaZ^4̒[+qUB2qǪzwWSc|d\0bI<\0?\n?s:~]I*Ru&vw]|Ѥr{袊\n(\n(\n(\n(\n(\n(\n(=x;zmyڇ2\\ylH4ȉ2	R~gcЂH\0\0eq[;-ي(#pAgt=g_\râ8gϵP|C*x5.]5{s_Isyq≠,02Ǔ(q(EPZuׂZ-E$RFuHz՗E8ɧt\0fmMIW2]px\nm\"Jҭ$`f﫛c*AӕGKDRK`+QE\0QE\0QE\0QE\0QE\0QE\0QE\0QE\0QE\0QE_Ƨz1-2hXnnMdº/?|0jm{74#AZyV?nfpTLu<1yNTj6:OaQ|>7t^@Nrl\0<Yb|j}s<|\0x^@D\ZS̌hbWdO2g\nTKK榡rv4MۑA&6jJ\0+~>,fjz\Zַ]jsuq+ier^Iٙ,I$k>\n|IGǺ[/ueyHPGfV225\0}|E4j/t?\\^xrŚzCtR~7eT7S(abXjTۛiZw{o\\RJ\Z_75;\'6p6Su\Z?ML6,wUUQ}DhWK;E-lb2~nD/nޜ7WukG<\'ha%m\Zei\0bYƘE31\'k2nWNT#?_~Ei|Wm|m\rއa,L%I@Y.1\'|QAZǠxR9c<dq8A<ߴN%,2HK6\\rzc^3,ֱ㛡6\\ޔfxB[  8\n\0W{$eUkKWTZ֩ɧv\'h}%tM\nӛݙ66t\\y^\"+V.&Yݿ@l(\0(\0(\0(\0(\0(\0(\0(\0(\0(\0(\0(\0(\0(\0(\0(eO	66:YVE$Lrw7Ls<a#MugY̀&9猗STO̚OogkvGqcsZ,0|$M>p&as-f,\0,S<?ʸa@2ua0y\'*Swk[4Kqv=??\Z{oʤ	/NKoT-# \r\0K~>Η}t>q3D\0QI\0j;0s)Ԡ3BՑN;c*L>+j?t]>IѴv%q4mSԒs3L(?Ix].w%|gSyGPiMْ%.Xsq\\W]lUib1朝5JEW0((((((((((((((((((((((((\roP}u=6QeY\\nd=Q׺ GS㾓[F\0`2YVYv}9?=Q_Aq.7+maq{\0S?A>x4	GiȮdW u֚m75)#eaȸ;ǵr\0Zgͽ)fgH@A8\0J\\\ng	3o~WSu\\q#MtCm*% F;@+~#~z玴ӭ\ZJS$R͗pw2	?\\ʓRJ{[mֿ[SI((((((((((((((((((g𽶵/Dn+E1DJ?lF||꾋tς\r͚\Z5\"p5Գ4Y^7`gxS*XLEsIM_dV9ڏf~N/oIHXw!K}}>y-\\NW.19$$5x92{.ˢ((\0(\0(\0(\0(\0(\0(\0(\0(\0(\0(\0(\0(\0(\0(\0(\0(\0mB+{xyGqgP$#gzK#$2i*mR23ی*m6kkesH6XA`ZN+QYQE\0QE\0QE\0QE\0QE\0QE\0QE\0QE\0QE\0QE\0QE\0QE\0QE\0QE\0QE\0QE\0QE\0QE\0QE\0QE\0QE\0QE\0QE\0QE\0QE\0QE\0QEv> Yiӧ~V//\0xU,\r5\Z~\\w艔U|}<qSHؾQP7]BDI[\'q/z~XK)\rӹWRHy\nysoéM=봻w\n@\rB}Z{YrII$5ʲuѕ|\Z鵗m\'9s!+Ӡ(\0(\0(\0(\0(\0(\0(\0(\0(\0(\0(\0(\0(\0(\0(\0(\0(\0+G<=	5\ZsLW-	#Gz֓^3I%Ք!	Z2H;Idda]X*^5fLό[JYax%h։B	q5N|I9Ԛ+3,AU̎gw?yp8\n;f5]n]$4ѧe\\NI85hRs#_ČڠQu/<c<c%I(fjBaZ&z|**4t_[\\̐p0H<Jr9$(\n(\n(\n(\n(\n(\n(\n(\n(\n(\n(\n(\n(\n(\n(\n(\n(\n(\n(\n(\n(\n(\n(\n(\n(\n(\n(\n(\n(\n(\n(\n(\n(\n(\n(\n(\n(\n(\n(\n(\n(\n(\n(\n(\n(\n(\n(\nӼ_i\ZTkcuη).ܠ\0G buQREPEPEPEPEPEPEPEPEPEPEPEPEPEPEPEPEPEPEPEPEPEPEPEPEPEPEPEPEPEPEPEPEPEPEPEPEPEPEPEPEPEPEPEPEPEPEPEPEPEPEPEPEPEPEPEPEPEPEPEPEPEPEPEPEPEPEPEPEPEPEPEPEPEPEPEPEPEPEPEPEPEPEPEPEPEPEPEPEPEPEPEPEPEPEPEPEPEPEPEPEPEPEPEPEPEPEPEPEPEPEPEPEPEPEPEPEPEPEPEPEPEPEPEPEPEPEPEPEPEPEPEPEPEPEPEPEPEPEPEPEPEPEPEPEPEPEPEPEPEPEPEPEPEPEPEPEPEPEPEPEPEPEPEPEPEPEPEPEPEPEPEPEPEPEPEPEPEPEPEPEPEPEPEPEPEPEPEPEPEPEPEPEPEPEPEPEPEPEPEPEPEPEPEPEPEPEPEPEPEPEPEPEPEPEPEPEPEPEPEPEPEPEPEPEPEPEPEPEPEPEPEPEPEPEPEPEPEPEPEPEPEPEPEPEPEPEPEPEP\nendstream\nendobj\n11 0 obj\n28324\nendobj\n12 0 obj\n<<\n/Type /XObject\n/Subtype /Image\n/Width 6\n/Height 5\n/BitsPerComponent 8\n/ColorSpace /DeviceGray\n/Length 13 0 R\n/Filter /FlateDecode\n>>\nstream\nxS,c``X)?o_ v\0Q\nendstream\nendobj\n13 0 obj\n39\nendobj\n14 0 obj\n<<\n/Type /XObject\n/Subtype /Image\n/Width 6\n/Height 5\n/BitsPerComponent 8\n/ColorSpace /DeviceRGB\n/SMask 12 0 R\n/Length 15 0 R\n/Filter /FlateDecode\n>>\nstream\nx/,fa|_ODD?_/\"B/V	̇TB|\Z\nendstream\nendobj\n15 0 obj\n61\nendobj\n16 0 obj\n<<\n/Type /XObject\n/Subtype /Image\n/Width 8\n/Height 9\n/BitsPerComponent 8\n/ColorSpace /DeviceGray\n/Length 17 0 R\n/Filter /FlateDecode\n>>\nstream\nxc<tl\Zbx9Ojii}{`Z 6\Z=&g\r\0\'\nendstream\nendobj\n17 0 obj\n80\nendobj\n18 0 obj\n<<\n/Type /XObject\n/Subtype /Image\n/Width 8\n/Height 9\n/BitsPerComponent 8\n/ColorSpace /DeviceRGB\n/SMask 16 0 R\n/Length 19 0 R\n/Filter /FlateDecode\n>>\nstream\nxc``	b!F*\0!M\nendstream\nendobj\n19 0 obj\n30\nendobj\n5 0 obj\n<<\n/Type /Page\n/Parent 2 0 R\n/Contents 20 0 R\n/Resources 22 0 R\n/Annots 23 0 R\n/MediaBox [0 0 595 842]\n>>\nendobj\n22 0 obj\n<<\n/ColorSpace <<\n/PCSp 4 0 R\n/CSp /DeviceRGB\n/CSpg /DeviceGray\n>>\n/ExtGState <<\n/GSa 3 0 R\n>>\n/Pattern <<\n>>\n/Font <<\n/F6 6 0 R\n/F7 7 0 R\n>>\n/XObject <<\n/Im10 10 0 R\n/Im14 14 0 R\n/Im18 18 0 R\n>>\n>>\nendobj\n23 0 obj\n[ ]\nendobj\n20 0 obj\n<<\n/Length 21 0 R\n/Filter /FlateDecode\n>>\nstream\nx]M9rS&c`@{X`h=,ZcYUYSʖ[uGdċO2_}Ͽ?忇Oӿoy%?	6R?C6`+??><|G?cR~y;?Xpǃqm6񕱠o9?i\'kY|?{]\Z;]3њW0=Pg\'Oh`]LJכ_wBW0;qeBh:3$h;p_]nacJ!2˱ZqΧ/G{AZv۹?Ϻ^ rT6,]G+<!<nFޙf8*aw6,ｱٗV8b	I$sܻ3ϭ,i@sgo7(-0s:ύ\nV)Ňܱ*G_zs4kVV,#wd	QfwmrsK}`6[4{uƠ,nqLx\'ڀegFQn;n6`ٷQ~[?9\rXvm\"-|pߞ{g[xsۈeo	Qn;;X1l:X>e_ջw\\it9n([ rz:Cɛ\rpB[J߿u3M08\rXFP_Eu޺/-0m\0f]!,7Az*{ߙf= ;k,|3Qٛi>{>cG|b?FٓqV?:-P(?7|?`gbW3/!3!\n	$	e%r^T-n9&ӟ#%Dt3.y*-wk̒ZZԍ[CRL\ri[!#^axK˻K%ja2R\nfyu+S5?j\"T#cϐG(1\rhk^Bf2AT!-JU&/fD]s-dvF~ZD[\n4mi&=BҕҌ\re#-\\vI﯇[>Bϻ=\n*)<Q;\\.ZEN}MPx#{]<uJy~M]ƥ˟gudK%KMf*ڪ,ϪOU2>7{W~V=7HտUWxlB\'$EimخST(PC+J{o[\r!)|NMCLazfWiKUrz\njĞWe$ը>LyxST0{z7O7j{L|=VI{7GYoW|2V%I(	<4Ӧk~fq~OƨP,	9PBEQ|#;Fv=\"]ɺUTSAՖf\Z,$\\HW%(V\Z7h)Wߢul{Y٩L}<hR]kefSC۫9wnZi˺7bWWuq͠<vM-čK,#fT񢖪\ZN_`PZn̞$c[W=8ީجyy˺<\'ƨ4Ur	;̤mwj4>*GD{(ݸS~n)HOTpItyOA}dw*ڴ~:i/W3h˸C	;MVwY^\0,B^]M\ri.ʶ?+qP\Zk֒kɵGW_Q3f]vSܲr9zWN{J]\\LQú؞$޻pm\'Cm_㎂yS˩~^9iw_NRwHGU(smzu\\g;m]tJnzۺ3VjDnճةXs^9եڮq\0Rr(JSu끞{RBHxhDfOGqO]USb2}wT7O\nE%\r:@o?_f;\ZCMK[j]*SQWWT{13⹧+懪Y75\n7qq~N`ӗfzVuj0_FnWrj[J+}KJ>Az]7Dת_au]3@_}ݺ.םg.ia,ݘ]឵VO7~Ntǳ˒m]:g}vߞ֗li|MmͥuG\\<YTiw䚳ZźU*nz2KHi??Sh`s/=A;^5x{C1:Q=]7ϝPRԷ\"AG\0qJJ8iϾx\rH\nyGڏ:ŷ%Ȕ܀~:p>:6U-wD?>WKk:nU=VJƺ̻jlYMk\ZKEϲƥsGNƚoSw~]Kn\\|RMI;jO;ۧ`_]=M)kO\r3ݵn-.^pKF&uM%uSЀo^WNO!Y:O{J6^oYy!c|GUng-:bpna>QMN+p*3Y~KiyΛ~$~\0e\\/li)U6^+(&k-ϏkУ?h>|K>gIއ/~ma>ޥCqH><K~GLJso\"?}~_RsP\0kFOVnZ8nߵGlt|2<ο&a.]rou<n00\ntV}g~gK*WöNV\Zᅣ`7(B^gUPFЫg!_UPEs#|K]acl>&f.7|Q.)?y4+\'%8gq>gboF4R18_8:[ߧETqg.OPF|]:`!v؀ǖ<_ΟdM,VCs,`!f8شKKp鏤83@KΛ5Ksz\rDa8S?]L$=\'[9ݻ|9uKq7s_\'LN)Er0>uFi-c@π7NR)`)\rT@j	c܈9!0\ng.\n5{\0d2P!L?+C=э\0ߘ:nP9;i|O1G\nXx-<BbB.:vͣC_n<\r.i!*Z0E&dD|D%%\Zk>gul/p;-߁&b	AjH܍A\0c18W#l1XXk=[\\\"1^`X`!\0J;%^\n\0|ƄLOޗ!)\"{(bU~\0F>/ƓX=XJ)d 	ذ3*xCKqNGlPo\Z/8ϩugts(ICIiZ`F00GvbZ/f	C\"@NnF\\hcO%ה!A$_22 S:$d%8/+1яp1pjpws#L,Ht6$T\\b:둢\'+>t\\%GC/8\ZFG\\r1y0GF#h4qFցTGqFbc]\'x5\073o%!ƯD_X\\$Ժ&dfP\r^Uag,fCx p#].bA҂PVozT\r\Z\rbItCH(HQPQI,3Z)B\"Xȝo7Kз;H$O8;)cIcC.2\nlF:.\"#3`eՠQɈK527^!r2e24)	).B-F#Z;A	TH4 \"T}aHf\n(@wL@@I\nc!u$5O@Tcvx!SPӧ%:u$5̩bG50\nދј%-\ngXMOrh`E {0P3\\\0\r*2lآ2;)Oyj3Rb1Dj TSS(n3J|MTdK2cG_ޖ,B<Q|,~C%R/	$d.\r>NT͐\n!eKsc6:lBuZf\ZpYTilԌݢNT #-2,]:\'PtDT0D:ќ,Yh8h$-A Y;Yq.ȡ~z2o[\"=S;^tS+L3;tlPwZR}RDMt=\\H\ZaGj!a:djk?GIHa&:~~H7>Xe$TEU]7:\nn,_R! AhP#\nS\r\"Ra)T88X;A;@=KYdYbppNR:tјC~\'THS2_:]Y06\05|\ZckF*j0zԮɌ5Q6ͧ@,qGvs\Z+xaΉYX4sԱVB-߃F)h`pwb\"Z TT?i%nb>G?nL nAJe&Vkܶ:C0+xlfF:HGjBDQjXJe5:Vޑp!xO_X)c\r[!5S 5j<<B],DR9Dp`,IEihR8=*k(<\0DBjg1Rx_zj:@D4^X1I&e=K*LURbw#0\0iPpR90E֫L<l\ZZY	|%@.M]H(.0Fj$Ai풣NC dZkPQ\"mĜ4_uncN&;ȂOZǗG?1*hv}BEC!unCu/HP*4yxǳm$G68Yb-SQQёH)h:ϯ*eI.|*\\Tj\ZO`-N!1--ߖ/=8DpPKdmIE*IptPΖ`LA7/Xs,U9T4K,	aͷ9]p̶ҥ?A.L\n3f(%(pZ%Jw^WBn`^oQH/Ȳ~[.I-S.ŗ-V+lD̍D5\'L1CoT\0xO	Ն;+Wx;݂ۃX3)SuEv9TC|tt(sgzv17!D)C31œkV\0c\rH/Sre\"\r5,T^P86h0eU$KJ#ŇL>@:lƩlm\"7ܜ,5%8ӓÜ3:ò\'U\0BccaE˃4f7_DE$-PfZ\"#8xT0r+8,9~/T/L:_	]les$M݊K5V|@\'sENeCPi(U0kRNpaшpDwu4T\nɞxڣssTkP9`hK[cZIB$9v~F^PgĘ2JX	?&A|a\"Fi|Lr|Q*\\h5v;<?lj,$B-_m fu嚫	SF)Pa+J*4?V[:ʧֈ\"K/n\r\08Q~tk<e0[sz̗Y؎7EtxJgu+\'-1܄c|>͛]_Y=5sjԃD(9>!5FD6:]0:=O#ԑSȬ+*P:\"=A;\0`[@	B}{\\~x5{`zU/ޮ^U`zU/ޮ^m;+ӗڬe`{zۣ6n֛%Wwʫ,q/DVWKsqf2xǇ\nendstream\nendobj\n21 0 obj\n6575\nendobj\n25 0 obj\n<<\n/Type /Catalog\n/Pages 2 0 R\n>>\nendobj\n24 0 obj\n<<\n/Type /Page\n/Parent 2 0 R\n/Contents 26 0 R\n/Resources 28 0 R\n/Annots 29 0 R\n/MediaBox [0 0 595 842]\n>>\nendobj\n28 0 obj\n<<\n/ColorSpace <<\n/PCSp 4 0 R\n/CSp /DeviceRGB\n/CSpg /DeviceGray\n>>\n/ExtGState <<\n/GSa 3 0 R\n>>\n/Pattern <<\n>>\n/Font <<\n/F7 7 0 R\n>>\n/XObject <<\n>>\n>>\nendobj\n29 0 obj\n[ ]\nendobj\n26 0 obj\n<<\n/Length 27 0 R\n/Filter /FlateDecode\n>>\nstream\nxVO0~_q&KL0da!B<{k0`~~ݵл=zƫ>11w\r/h҄IjBP[5ۿ/Xbe8	w8v`΢95\"\rD=\\upR-\nek4b\0E\n5R@)5>_7TFZ6}Y\"-8\\p<899w\'}T6?_jb,_=\\1Ve[j#jSvv/Xo\'.p]a~ %rpŌբ@DdSPBd{,ϡ<\'>GjhDJ%p`|-~{!	!i\'mT7v&$\nk\rN\r}aNn;\0\\CcP{1҉}:z%ٴ^<zW\'BnY;_^A#9a@J\nendstream\nendobj\n27 0 obj\n468\nendobj\n30 0 obj\n<< /Type /FontDescriptor\n/FontName /QEBAAA+NimbusSanL-Bold\n/Flags 4 \n/FontBBox [-173 -307 1097 979 ]\n/ItalicAngle 0 \n/Ascent 979 \n/Descent -307 \n/CapHeight 979 \n/StemV 69 \n/FontFile2 31 0 R\n>>\nendobj\n31 0 obj\n<<\n/Length1 6136 \n/Length 34 0 R\n/Filter /FlateDecode\n>>\nstream\nx}X	XTWWUa*ʂ*Y(J]ddEB%	qN?5JI줉f;NZ4cH8c2If:-c}UIg^s9gy!O^Qӵ$tׯݕ&D_.N˱}M[w\ZՕ;~?=!Rr[1BdolZH	0!t$q&DpSqrl@+qbx9!Q!H!*MR\n=RX\"ƟrOL0erʥ*Jo0ЁN)WX,,-gNA#0_\n,5΅*\0`ˣnVW\'\'#\'Cep丸dwI,A;	AS.RoOWPbpKtW[cqˏՅnH,#[26\'5vK1YnBPWZak^Rp\r!j*C!(ߨ\rz-N#AK[;~)+bԝ/UxHEti\' <܇4JՄe=~>!7DXD/ƛ	@0?񓨯Aԗ1@t	&-8!84#;^ZnxZ`\\fĭ2܁*J[N\r,>eRډҫTH~]ښXcPud!\0/4+%IK6u2\'7edh2J5eZdr%s]M\"S҇}-tE/\nՏ#PT4:T)<-?I>z8SS\0L1soHxߢyqw;R2c|:7.#aŶu(*S/)L *]\'jݻUK,\r\\LOm+湾ϱ\0.4?BFɡ*5#]~4T)cFā-SƙFBAc(0}IKs_f]J0**\Z=##EY6_Q>_Cg)չca5p7EL)V[{fk<߾5!:n`<w<\nf=Z˦VK,D*ğ23M_;q\ZGEs)ttD߈oF	T.\Zrԩ4h;1Kʵo\0oCk%T]/i4FJGFD0ppR	<\n47vl+5uww#\'P{(B<DKgл8\'~^TP^٘mU	\0~6M{2Gj(#л8^Z.K6()~хYعw0,6Ԡ>Fm@)^\0GAИͫB#`YŪN`6{{pLMJ{lS$033玽PZ\\yek7vPcI( K	0\0z1E*QC=(kw6Y-8 |MXO\"Vw@[>\Z6-9CfG03L׆\ruk0!6XP\'\"ކ.kUߌ)Zoh(]c[7vt5\'4j&Ģ,TAɜ(鏴)8vY`S[$oz}*E+h\'\Z/\0Z&\0ˊŞE׷1\rFAJ4/fliҷ:UuQAVݶ݉2)ʬ[T1|cee*0Ѥ\'L(ATv{Rz\nBFdɄ3ok	1e@PwPE%H[!MUW>~q5@hK\'Fv\0s㿔`%{2<k]O8sjXPحcVA>5=$t^n-uhYe)\Z}39ԫPp/C?P\"#!i׺j^ɜ?ȵn_Eqkʽ5-/{C4YGk6t6$@#CQD,WQy5 >\']);^zi=)oY>Y˺2,{w)۔ּ}u<WtWm	dZWޞh=eňKdDR~o\'Extpb鑩fB!th	GJK<S+m3]𝿃`C08یsן}*-欍6Lأ`,q\'%甈3r{w,Deԇ	SR\n5̈́mf[I|P*̗,.ie\"΋JD7$wO߃gA}}Ximz6-nk]Լ\naoYdN\'8@>Q\ry8,NRẍ́e1G+-g;h5;w$Ŷ6T*rx};⪚M`K:fkx\'fizוMܙUfv/s/`OoYbG}lՊm	LRݺQ*p50|g*wޜwyS땝e{ZH8s=v\r.6~M^XZs4Բ΄_6\\\\{d]@~wI>O_97;+iz\n];b 49fDN-ug>fE`6ՊKtFﴂWW\'[y(:J7KВW\0E._W^ZÒ<\"!W=GeSME<r΅I~ź?K XMQEN}18u$!S0SyeUbQ9o\\P.ioY72M4$\nQ<b%ڀ\Z΍IĞRf+PaӢ.֨;G(/\ZC29gυn*6jDk|*lOzy39kz.pӥG-6Gi,=/cZs`,ΐQ3X2MȣX\\.߲$R	-·_|/:plĦ;qJ/y;f\'W\r)c5/YbY?yb	kĝ٣vь=rsNHc/$I;P}+}3K4\r#oqP\'r0	eEPx|غB]F{2Sєegբh\r1h2D)C)e\n}5hge.7aMـ#v_s>=a2;	dLLQ4\rfC/7wq54ri^CǦn0m̽/Ѳ`k\"|A\'H09R\Z&q/`ML8\\VrתrS 0$2~Jp=,MTaޔYCE]Y*K};nذÑ1~	+:GLtTZoB$m&@\n;~8FS\\`nt#\'=[<5U$Fr??SnDy|ۤKpD=*s$4ǈRZi[ܻU,%F,V F~wsg.S>y#VLEu!͝p>tT*UZ s/`1NpS,^˘7DtH6p$B<%c3a\"_Q*M/\nn4)HjԹqN00HY姧&g\\xv}83nNL7i\"M\'W\r[? &LmʉPU[{B\'Ï~ďp{Eͳ͒6?7u2̵ėt3##>#&	eiꩢ5iX	la1c83z2,HGu#}by\ZX vGEZ\Z|,M9kws	d3xXH7qx2\Zf3]֍ek3+}}\'\nm]QTM<!K6HJ>wTSN^F:A+g\ZH<Jӟ-z,|Nd1u,:ю,|XI@\ZH\'[0XK1\'B\n-\r	kώp*|\'d=i6cKيQ܄fj74@k8iJRz,s+FوdafnA[kc1RK^ӑ,ӄڄ5bP@i#mH=ޟE#_(ք\nendstream\nendobj\n34 0 obj\n4583\nendobj\n32 0 obj\n<< /Type /Font\n/Subtype /CIDFontType2\n/BaseFont /NimbusSanL-Bold\n/CIDSystemInfo << /Registry (Adobe) /Ordering (Identity) /Supplement 0 >>\n/FontDescriptor 30 0 R\n/CIDToGIDMap /Identity\n/W [0 [496 716 552 882 552 330 276 826 606 276 276 330 276 606 330 386 606 662 552 606 772 716 552 552 552 552 552 662 276 552 552 552 330 716 716 552 552 552 716 552 716 330 330 606 606 606 662 606 606 936 606 772 552 716 662 ]\n]\n>>\nendobj\n33 0 obj\n<< /Length 742 >>\nstream\n/CIDInit /ProcSet findresource begin\n12 dict begin\nbegincmap\n/CIDSystemInfo << /Registry (Adobe) /Ordering (UCS) /Supplement 0 >> def\n/CMapName /Adobe-Identity-UCS def\n/CMapType 2 def\n1 begincodespacerange\n<0000> <FFFF>\nendcodespacerange\n2 beginbfrange\n<0000> <0000> <0000>\n<0001> <0036> [<004E> <0061> <006D> <0065> <003A> <0020> <004D> <0064> <006C> <0069> <0066> <0049> <006E> <0074> <0072> <006F> <0050> <0076> <004C> <004F> <0044> <0037> <0035> <0038> <0036> <0034> <0053> <002E> <0063> <0032> <0031> <002D> <0041> <0048> <0030> <0039> <0033> <0042> <0073> <0052> <0028> <0029> <0070> <0075> <0054> <0056> <0046> <0067> <0057> <0068> <0077> <0079> <0055> <0059> ]\nendbfrange\nendcmap\nCMapName currentdict /CMap defineresource pop\nend\nend\n\nendstream\nendobj\n6 0 obj\n<< /Type /Font\n/Subtype /Type0\n/BaseFont /NimbusSanL-Bold\n/Encoding /Identity-H\n/DescendantFonts [32 0 R]\n/ToUnicode 33 0 R>>\nendobj\n35 0 obj\n<< /Type /FontDescriptor\n/FontName /QJBAAA+NimbusSanL-Regu\n/Flags 4 \n/FontBBox [-174 -285 1022 953 ]\n/ItalicAngle 0 \n/Ascent 953 \n/Descent -285 \n/CapHeight 953 \n/StemV 50 \n/FontFile2 36 0 R\n>>\nendobj\n36 0 obj\n<<\n/Length1 7616 \n/Length 39 0 R\n/Filter /FlateDecode\n>>\nstream\nx}8	XSW)E$,1CXd1*Eh)ZjEqE贶ť:V-tN7m<s_ڙw}sea	3!LXemsE	?:h*/)8=UsMy	Wׄ<pldp,+۸޳?c.YSǤ2U8>+J~f0I?4#28h\\|]K=ö}{i?q|h\Z }N;v׹1	(JJ]4=w9T)J,Nد?ZS</\n	KF:ژVg7mY\0;ltw,,Ξ=Ņ̳#ͻ6G#Yf;Ð\\&0RT#^%=5P\"L\n>r2m\',Ԯ(챫\'#Y\\BUv\ZtnS2U6=oӭ	q-\Z^NJ@gESjǀ³jcfEY*䩶;LpP8J41;`1%)ww=`ERp2/sS^d񑹋E?);8^8R]\\SaX\05UɳMnsf92)UTCZ>@~.jtgX\Z&@!Ha)WQB(\0q9$טZ+#?r+#}[a@z^UH mZR}X%Q^b3\\pm\0G/@Q!z`_%!#\01͏hswOB,L1̚c-ULb_SALs\\N2UE2FTE[k#\0n:YSy\Zy\0MIl53aA(cn$?,\Za޳;x9J+85DM(H\rrloNQG$ϋ Z5NnnM9s*3@.gZľwRmLJVYyѡhxqd\"}J\\\Z@`[}p$2JenQ#tZI顊@W0U]y31XTq:5E25,PYr*!(FQ\rSka*6t-aNl}\\EYqiD	K7Gdq2ܤSpVΒI\0\"\n\Zҗ\Zf/+OXk\0A[pY)ڙ<ёsl/- \"}q)j+=s2J?\Z=J&Y (5R@)Xݍ&dw:\r=vYN&jW7S367o0D,!{.]\n5sykJ=?N\0T,쌜bH@otFN UH5P=򹭇`{lhLFU6|_{/\r%t(&dbI\"֕g\0bc{k-q\0qNէ	y[Ws``J.2v~Ҿ!}ǵ?62_V0ὥ{k辏دv0CSLT8ȍjaGسV*XcCg7EUy{IO}yH9聠-ۚT*߻t),m4X\\7?%Ӈ}6,b[[ȟ?,9t1%.Y\")L]]*cm|*aM	Bj+\0+yZcy<oc.E1XA]K1qB,vrT1.Ϡ\\iP~d`uM`NbPҲ,v}lV ?<#zg[\nAe,IӶnyсUB1]DS:_K[`~n$`Q,)t0y#_?N~0=TJ!ޯJQQ5YMNq(\nw̘Mu_;?dDO)tPOw_5NwEb&d7M\0h]ar:ʗ&,_\0_|;GN?&>y/F\"jڧ;͂k7]֐k@`:uZP]UnXCnTM S: _ߴe˦\nE:l&Z%=93T\Z[6ўQ,F^qOwl70\Z_w!̢iA\\p\Z>to,U/:Me\0цն!7+3	&~;\\M(V*`NlE7d=z1}uRoG^_T\0j\rXix1 gl::2+coC6rdF槫pE`YF~`NW,ԨF^cWq쫠E|4h*R/]]^q\'*ӎ<ӳ13\Zg0OsI}=%Χ?B{vAou<wN?̱8_hmB9h|}%BU@3m!ݲ:[w{+i.~K&[VB1|#EjYơes^˞}*\Z8cs` ))d\0ȧu.JN$ӈʟB4Up߾HL:Vns\r@bv\r\0@5P\Zsu, P\"ǋ>\rcBTCr\r|$B>pF4`\n2y}E;ʨ\'dqnMnQwܫɏs<j٩sh3r`ExSj椭ʧi7ɳ><\Z׾|~FBmH$T4)_oOGsZ׽ۑg6C̙\n\n  (h{epj@4fwO\'|kXnƟ_Z34)ogn碫kfO7m){\\\Z_\Z0/!:բVq#fvHw:ڇQKPzp_d(\"3#IV!cZBP`)w.mn`05Gb?8駊7-yRgX+K5a\Z3\n?jh]T\'V\n#۳\\d?a׽+/9d_5+_m[xojuG͋e[KsٶCyX5YN^>(UN¯G&td06!|*=tF\\y% ~uoWm1,*z<36SG3Z0|r钞\'͡\'o-;jM\08a:*4Yߘr̰)!=g;lvF.ɣ-\\h^47bZ^L6VAėe|eƚàǱ7~\\\rhO|Κv|y\'ſ26)pM.1U\'O<u~Q2٫4iL\\-V\0-LO	Xޔ\'R\nc05ޯ/yUL]먳%u4hbCFƑgI_껯H(JNl\'hMa=H_<>.9K[ 1v\Z1r	;.bڼiBO#R5RY3t\nD6+iò͜F<6̎w+#8Mu~! wN۹P|K/o_\0ىp;_	sm+~H	ϝs2/;^gaK0T?Yn ªw:w#𷏿߾\"#Co+_١ßw<}p3$\ZLP5_`\\O_\rCU0h${6RFXb2q/Oǽ\'TAp\ZL3DKǥ<Wg)ò`qUs]Cg7flŨ7\".\"3((BF}b* nܖNmWq)6HٿblhA4VUձ1U@qj6UwUG,_Vb.=6GDð^Ծ4#2&)81މXo1cI:gכO$L87,\r~\n5#s&Xc\rX0lI4,c׸[Eq_UD\\_:̊1G-Njw53f:A֞O[0AB݄hKOn`]\\EP:v.4_0A#Bk\\<K诱n$Z9GBs=\0]\'0y,k߇sUyhG#W(d #չJ6XOP+h=tRlȥ~C8L3eD.kfp_~w&\\8^t6nŉ\rqq|>ػf 2cMN۞Uw<?MBi̲4_z0ܕO\n,_aFOӵݼ@8*@G)\0_!!VS}buruh(:ƌ|Sfӿ׭Z÷$u9fH?\'-;(%R$x\'0R(] 2--Xkk(Rϛʾkѻ?[!Z$dK;ª~fw\'\\?sݹ_g]uQQv%-nNLPz{b [_[rxc1z:o6B_{ \Zl\0)t`|\\B%M=C겶V!ٔi\"o}k.W$D\'~1z7Te{Ke<h[hTd^x뒃(-[_0+oTj\0,ǦnqZOZ\ZdIX=A~lS۷jqtDxctŤMA9wo\0R>Q1o6?m`_Fp5_TUlg$Vz.|((5\rjZ&3v|w<}៣C>ӣO\"1(FKFI8~Ull&bo$~{-\n[<l}[#zrZ/߄<gp[,q5NR\rm#.쿎~lqIɄ_w\n6\r[ vc+fr!@a43)b61x(#\"\'8˲3إ_:n+;Í2DkEEo>\r>	$ONS2.8]sflBᄖ	_O<鉗\'~<9޹ysۓ\n\'m;`DFE!,%Î>0\'v9tŌ72񌅩cL5ҩb\Zf	h-`|(s	Up<\'ПS_>LS4kWHYVl\n\Z_tjW,ÙJ5#TaJ2cs8IjC̫+O>L°i1#UĸBQr`b-AoG獈߱*\nendstream\nendobj\n39 0 obj\n5721\nendobj\n37 0 obj\n<< /Type /Font\n/Subtype /CIDFontType2\n/BaseFont /NimbusSanL-Regu\n/CIDSystemInfo << /Registry (Adobe) /Ordering (Identity) /Supplement 0 >>\n/FontDescriptor 35 0 R\n/CIDToGIDMap /Identity\n/W [0 [276 662 552 330 552 496 276 276 552 552 552 276 552 276 662 552 662 552 552 552 552 552 220 220 826 716 662 552 276 496 276 276 662 552 552 772 662 606 716 496 716 552 606 662 716 826 662 662 552 716 716 772 936 552 606 552 552 552 496 496 496 716 330 330 330 1007 276 496 496 ]\n]\n>>\nendobj\n38 0 obj\n<< /Length 840 >>\nstream\n/CIDInit /ProcSet findresource begin\n12 dict begin\nbegincmap\n/CIDSystemInfo << /Registry (Adobe) /Ordering (UCS) /Supplement 0 >> def\n/CMapName /Adobe-Identity-UCS def\n/CMapType 2 def\n1 begincodespacerange\n<0000> <FFFF>\nendcodespacerange\n2 beginbfrange\n<0000> <0000> <0000>\n<0001> <0044> [<0041> <0064> <0072> <0065> <0073> <003A> <0020> <0031> <0034> <0039> <002F> <0032> <002C> <0026> <0033> <004B> <006F> <0067> <006E> <0061> <0068> <006C> <0069> <004D> <0052> <0042> <0075> <0074> <006B> <0049> <002E> <0050> <0037> <0030> <0047> <0053> <0054> <004E> <004A> <0043> <0036> <005A> <0056> <0055> <006D> <0045> <0059> <004C> <0048> <0044> <004F> <0057> <0038> <0046> <0035> <0062> <0070> <0076> <0079> <0063> <0077> <0028> <002D> <0029> <0040> <0066> <0078> <007A> ]\nendbfrange\nendcmap\nCMapName currentdict /CMap defineresource pop\nend\nend\n\nendstream\nendobj\n7 0 obj\n<< /Type /Font\n/Subtype /Type0\n/BaseFont /NimbusSanL-Regu\n/Encoding /Identity-H\n/DescendantFonts [37 0 R]\n/ToUnicode 38 0 R>>\nendobj\n2 0 obj\n<<\n/Type /Pages\n/Kids \n[\n5 0 R\n24 0 R\n]\n/Count 2\n/ProcSet [/PDF /Text /ImageB /ImageC]\n>>\nendobj\nxref\n0 40\n0000000000 65535 f \n0000000009 00000 n \n0000065444 00000 n \n0000000175 00000 n \n0000000270 00000 n \n0000043653 00000 n \n0000057736 00000 n \n0000065303 00000 n \n0000000307 00000 n \n0000014110 00000 n \n0000014131 00000 n \n0000042639 00000 n \n0000042661 00000 n \n0000042870 00000 n \n0000042889 00000 n \n0000043133 00000 n \n0000043152 00000 n \n0000043402 00000 n \n0000043421 00000 n \n0000043634 00000 n \n0000044009 00000 n \n0000050660 00000 n \n0000043774 00000 n \n0000043989 00000 n \n0000050731 00000 n \n0000050681 00000 n \n0000051039 00000 n \n0000051583 00000 n \n0000050853 00000 n \n0000051019 00000 n \n0000051603 00000 n \n0000051812 00000 n \n0000056507 00000 n \n0000056942 00000 n \n0000056486 00000 n \n0000057877 00000 n \n0000058086 00000 n \n0000063919 00000 n \n0000064411 00000 n \n0000063898 00000 n \ntrailer\n<<\n/Size 40\n/Info 1 0 R\n/Root 25 0 R\n>>\nstartxref\n65549\n%%EOF\n');
/*!40000 ALTER TABLE `files` ENABLE KEYS */;
UNLOCK TABLES;

--
-- Table structure for table `hospital`
--

DROP TABLE IF EXISTS `hospital`;
/*!40101 SET @saved_cs_client     = @@character_set_client */;
/*!40101 SET character_set_client = utf8 */;
CREATE TABLE `hospital` (
  `hospital_id` int(11) NOT NULL AUTO_INCREMENT,
  `hospital_name` varchar(20) NOT NULL,
  PRIMARY KEY (`hospital_id`)
) ENGINE=InnoDB AUTO_INCREMENT=14 DEFAULT CHARSET=utf8mb4;
/*!40101 SET character_set_client = @saved_cs_client */;

--
-- Dumping data for table `hospital`
--

LOCK TABLES `hospital` WRITE;
/*!40000 ALTER TABLE `hospital` DISABLE KEYS */;
INSERT INTO `hospital` VALUES (4,'Cims'),(5,'Zydus'),(6,'Sterling'),(7,'KD'),(8,'Kiran'),(9,'Masum'),(10,'Solar'),(11,'Apollo'),(12,'Shalby'),(13,'Vaghasia Trust');
/*!40000 ALTER TABLE `hospital` ENABLE KEYS */;
UNLOCK TABLES;

--
-- Table structure for table `patient`
--

DROP TABLE IF EXISTS `patient`;
/*!40101 SET @saved_cs_client     = @@character_set_client */;
/*!40101 SET character_set_client = utf8 */;
CREATE TABLE `patient` (
  `p_id` int(10) NOT NULL AUTO_INCREMENT,
  `user_id_fk` int(11) DEFAULT NULL,
  `p_name` varchar(20) NOT NULL,
  `p_ph_no` bigint(11) NOT NULL,
  PRIMARY KEY (`p_id`),
  UNIQUE KEY `p_id_UNIQUE` (`p_id`),
  KEY `userid_fk_idx` (`user_id_fk`),
  CONSTRAINT `userid_fk` FOREIGN KEY (`user_id_fk`) REFERENCES `user` (`id`) ON DELETE NO ACTION ON UPDATE NO ACTION
) ENGINE=InnoDB AUTO_INCREMENT=145 DEFAULT CHARSET=utf8mb4;
/*!40101 SET character_set_client = @saved_cs_client */;

--
-- Dumping data for table `patient`
--

LOCK TABLES `patient` WRITE;
/*!40000 ALTER TABLE `patient` DISABLE KEYS */;
INSERT INTO `patient` VALUES (4,4,'Meet Patel',9409299016),(14,14,'Shashwat Silakari',9427051904),(24,14,'Divij Patel',8787657853),(34,24,'Trevon sud',7678998765),(44,44,'Rinky Pednekar',8787654321),(54,274,'Kritika Irani',9893432321),(64,4,'Samarth Sule',7778766766),(74,284,'Malav Mehta',9898878776),(84,274,'Mrulay Maalah',7778889996),(94,284,'Lay Desai',7888786652),(104,4,'Mukund Prajapati',9898767654),(114,284,'Kiran Patel',9887876565),(124,284,'Divya Patel',8878787876),(134,284,'Divya Patel',8878787876),(144,4,'Darshan Kasodariya',7046037375);
/*!40000 ALTER TABLE `patient` ENABLE KEYS */;
UNLOCK TABLES;

--
-- Table structure for table `schedule`
--

DROP TABLE IF EXISTS `schedule`;
/*!40101 SET @saved_cs_client     = @@character_set_client */;
/*!40101 SET character_set_client = utf8 */;
CREATE TABLE `schedule` (
  `schedule_id` int(11) NOT NULL AUTO_INCREMENT,
  `doc_id` int(11) NOT NULL,
  `avail_date` date NOT NULL,
  `avail_time` time NOT NULL,
  `status` tinyint(1) NOT NULL,
  PRIMARY KEY (`schedule_id`),
  KEY `doc_id_idx` (`doc_id`),
  CONSTRAINT `doc_id2` FOREIGN KEY (`doc_id`) REFERENCES `doctor` (`doc_id`)
) ENGINE=InnoDB AUTO_INCREMENT=85 DEFAULT CHARSET=utf8;
/*!40101 SET character_set_client = @saved_cs_client */;

--
-- Dumping data for table `schedule`
--

LOCK TABLES `schedule` WRITE;
/*!40000 ALTER TABLE `schedule` DISABLE KEYS */;
INSERT INTO `schedule` VALUES (4,4,'2021-03-06','16:00:00',0),(14,14,'2021-03-06','17:55:00',0),(34,24,'2021-03-18','11:00:00',1),(44,4,'2021-03-06','13:00:00',0),(54,4,'2021-03-06','16:00:00',1),(64,14,'2021-03-06','15:00:00',1),(74,34,'2021-03-30','16:00:00',1),(84,44,'2021-03-30','16:00:00',1);
/*!40000 ALTER TABLE `schedule` ENABLE KEYS */;
UNLOCK TABLES;

--
-- Table structure for table `user`
--

DROP TABLE IF EXISTS `user`;
/*!40101 SET @saved_cs_client     = @@character_set_client */;
/*!40101 SET character_set_client = utf8 */;
CREATE TABLE `user` (
  `id` int(11) NOT NULL AUTO_INCREMENT,
  `name` varchar(50) NOT NULL,
  `username` varchar(50) NOT NULL,
  `email` varchar(50) DEFAULT NULL,
  `password_hash` varchar(128) NOT NULL,
  `usertype` varchar(50) NOT NULL,
  PRIMARY KEY (`id`),
  UNIQUE KEY `username` (`username`),
  UNIQUE KEY `id_UNIQUE` (`id`),
  UNIQUE KEY `user_email_uindex` (`email`)
) ENGINE=InnoDB AUTO_INCREMENT=325 DEFAULT CHARSET=utf8mb4;
/*!40101 SET character_set_client = @saved_cs_client */;

--
-- Dumping data for table `user`
--

LOCK TABLES `user` WRITE;
/*!40000 ALTER TABLE `user` DISABLE KEYS */;
INSERT INTO `user` VALUES (4,'meet','meet2712','meet.bda1729@ict.gnu.ac.in','$2b$12$3KdzWdqzECzNU9FdfZep3uHrhWj5.Swiv1MhuQMiLqRZLRGqEZ2uC','admin'),(14,'dixit54200','dixit.54200','dixit.bda1710@ict.gnu.ac.in','$2b$12$ybgmTTnZpFwXlmms.Gj1mevitB3BTuvW4xV5gp.pcqJv0OSH8SVEy','normal'),(24,'keval','keval17','keval.bda1716@ict.gnu.ac.in','$2b$12$6/f2N//s4I2hlwRVoqFkZ.Xge3svKRVDK4vTfX7VFqq9e3EoGyVbS','doctor'),(44,'hiren','hk1204','hiren.bda1711@ict.gnu.ac.in','$2b$12$5214WJk7NcTaJM/kneT7pOMA/jOy56OAFOBiCajBoSmd5GGzJlsZ2','normal'),(274,'trial','trial','trial@gmail.com','$2b$12$e0ggK/QAFzP6Vzgo.5w72OFpuPMHHk5HFP6.wE123FyPbfA3GKqHS','doctor'),(284,'Hiren Koradiya','hk_1204','koradiyahiren503@gmail.com','$2b$12$cRbDdTsfFIzz4GJPzHcuwueh5.NF4rRMklC.hUXTj5xJS.JGYPgqO','admin'),(294,'dixit','dk','dixitironman@gmail.com','$2b$12$/6vX.k6zqGjuKtHS/sdeH.ehM3J/CDHKpXO46yipAkvt1C4FRao9a','doctor'),(324,'kushal patel','kushal.patel','kushal.patel@gmail.com','$2b$12$zPI6ir7rIAMw7V.W0GQlRenpFo7sqvcvP3D6CKdDRDaujXScViI5y','normal');
/*!40000 ALTER TABLE `user` ENABLE KEYS */;
UNLOCK TABLES;

--
-- Dumping routines for database 'heroku_cb8e53992ffbeaf'
--
/*!40103 SET TIME_ZONE=@OLD_TIME_ZONE */;

/*!40101 SET SQL_MODE=@OLD_SQL_MODE */;
/*!40014 SET FOREIGN_KEY_CHECKS=@OLD_FOREIGN_KEY_CHECKS */;
/*!40014 SET UNIQUE_CHECKS=@OLD_UNIQUE_CHECKS */;
/*!40101 SET CHARACTER_SET_CLIENT=@OLD_CHARACTER_SET_CLIENT */;
/*!40101 SET CHARACTER_SET_RESULTS=@OLD_CHARACTER_SET_RESULTS */;
/*!40101 SET COLLATION_CONNECTION=@OLD_COLLATION_CONNECTION */;
/*!40111 SET SQL_NOTES=@OLD_SQL_NOTES */;

-- Dump completed on 2021-04-09  6:49:29
